Record Length,2.500000e+03,,  -0.000000186000,  -0.04000,
Sample Interval,1.000000e-10,,  -0.000000185900,  -0.04000,
Trigger Point,1.860000000000e+03,,  -0.000000185800,  -0.04000,
,,,  -0.000000185700,  -0.04000,
,,,  -0.000000185600,  -0.04000,
,,,  -0.000000185500,  -0.04000,
Source,CH1,,  -0.000000185400,  -0.04000,
Vertical Units,V,,  -0.000000185300,  -0.04000,
Vertical Scale,1.000000e+00,,  -0.000000185200,  -0.04000,
Vertical Offset,-2.000000e+00,,  -0.000000185100,  -0.04000,
Horizontal Units,s,,  -0.000000185000,  -0.04000,
Horizontal Scale,2.500000e-08,,  -0.000000184900,   0.00000,
Pt Fmt,Y,,  -0.000000184800,   0.00000,
Yzero,0.000000e+00,,  -0.000000184700,   0.00000,
Probe Atten,1.000000e+01,,  -0.000000184600,  -0.04000,
Model Number,TDS2012B,,  -0.000000184500,  -0.04000,
Serial Number,C051835,,  -0.000000184400,  -0.04000,
Firmware Version,FV:v22.01,,  -0.000000184300,  -0.04000,
,,,-00.000000184200,  -0.04000,
,,,-00.000000184100,  -0.04000,
,,,-00.000000184000,  -0.04000,
,,,-00.000000183900,  -0.04000,
,,,-00.000000183800,  -0.04000,
,,,-00.000000183700,  -0.04000,
,,,-00.000000183600,  -0.04000,
,,,-00.000000183500,  -0.04000,
,,,-00.000000183400,  -0.04000,
,,,-00.000000183300,  -0.04000,
,,,-00.000000183200,  -0.04000,
,,,-00.000000183100,  -0.04000,
,,,-00.000000183000,  -0.04000,
,,,-00.000000182900,   0.00000,
,,,-00.000000182800,   0.00000,
,,,-00.000000182700,   0.00000,
,,,-00.000000182600,   0.00000,
,,,-00.000000182500,   0.00000,
,,,-00.000000182400,   0.00000,
,,,-00.000000182300,   0.00000,
,,,-00.000000182200,   0.00000,
,,,-00.000000182100,   0.00000,
,,,-00.000000182000,   0.00000,
,,,-00.000000181900,   0.00000,
,,,-00.000000181800,   0.00000,
,,,-00.000000181700,   0.00000,
,,,-00.000000181600,  -0.04000,
,,,-00.000000181500,  -0.04000,
,,,-00.000000181400,  -0.04000,
,,,-00.000000181300,  -0.04000,
,,,-00.000000181200,  -0.04000,
,,,-00.000000181100,  -0.04000,
,,,-00.000000181000,  -0.04000,
,,,-00.000000180900,  -0.04000,
,,,-00.000000180800,  -0.04000,
,,,-00.000000180700,  -0.04000,
,,,-00.000000180600,  -0.04000,
,,,-00.000000180500,  -0.04000,
,,,-00.000000180400,  -0.04000,
,,,-00.000000180300,  -0.04000,
,,,-00.000000180200,  -0.04000,
,,,-00.000000180100,  -0.04000,
,,,-00.000000180000,  -0.04000,
,,,-00.000000179900,   0.00000,
,,,-00.000000179800,   0.00000,
,,,-00.000000179700,   0.00000,
,,,-00.000000179600,  -0.04000,
,,,-00.000000179500,  -0.04000,
,,,-00.000000179400,  -0.04000,
,,,-00.000000179300,  -0.04000,
,,,-00.000000179200,  -0.04000,
,,,-00.000000179100,  -0.04000,
,,,-00.000000179000,  -0.04000,
,,,-00.000000178900,  -0.04000,
,,,-00.000000178800,  -0.04000,
,,,-00.000000178700,  -0.04000,
,,,-00.000000178600,  -0.04000,
,,,-00.000000178500,  -0.04000,
,,,-00.000000178400,  -0.04000,
,,,-00.000000178300,  -0.04000,
,,,-00.000000178200,  -0.04000,
,,,-00.000000178100,  -0.04000,
,,,-00.000000178000,  -0.04000,
,,,-00.000000177900,   0.00000,
,,,-00.000000177800,   0.00000,
,,,-00.000000177700,   0.00000,
,,,-00.000000177600,   0.00000,
,,,-00.000000177500,   0.00000,
,,,-00.000000177400,   0.00000,
,,,-00.000000177300,   0.00000,
,,,-00.000000177200,   0.00000,
,,,-00.000000177100,   0.00000,
,,,-00.000000177000,   0.00000,
,,,-00.000000176900,   0.00000,
,,,-00.000000176800,   0.00000,
,,,-00.000000176700,   0.00000,
,,,-00.000000176600,   0.00000,
,,,-00.000000176500,   0.00000,
,,,-00.000000176400,   0.00000,
,,,-00.000000176300,   0.00000,
,,,-00.000000176200,   0.00000,
,,,-00.000000176100,   0.00000,
,,,-00.000000176000,   0.00000,
,,,-00.000000175900,   0.00000,
,,,-00.000000175800,   0.00000,
,,,-00.000000175700,  -0.04000,
,,,-00.000000175600,  -0.04000,
,,,-00.000000175500,  -0.04000,
,,,-00.000000175400,  -0.04000,
,,,-00.000000175300,  -0.04000,
,,,-00.000000175200,  -0.08000,
,,,-00.000000175100,  -0.08000,
,,,-00.000000175000,  -0.08000,
,,,-00.000000174900,  -0.08000,
,,,-00.000000174800,  -0.08000,
,,,-00.000000174700,  -0.08000,
,,,-00.000000174600,  -0.12000,
,,,-00.000000174500,  -0.12000,
,,,-00.000000174400,  -0.12000,
,,,-00.000000174300,  -0.12000,
,,,-00.000000174200,  -0.12000,
,,,-00.000000174100,  -0.12000,
,,,-00.000000174000,  -0.12000,
,,,-00.000000173900,  -0.08000,
,,,-00.000000173800,  -0.08000,
,,,-00.000000173700,  -0.08000,
,,,-00.000000173600,  -0.08000,
,,,-00.000000173500,  -0.08000,
,,,-00.000000173400,  -0.08000,
,,,-00.000000173300,  -0.08000,
,,,-00.000000173200,  -0.08000,
,,,-00.000000173100,  -0.08000,
,,,-00.000000173000,  -0.08000,
,,,-00.000000172900,  -0.04000,
,,,-00.000000172800,  -0.04000,
,,,-00.000000172700,  -0.04000,
,,,-00.000000172600,  -0.04000,
,,,-00.000000172500,  -0.04000,
,,,-00.000000172400,  -0.04000,
,,,-00.000000172300,  -0.04000,
,,,-00.000000172200,  -0.04000,
,,,-00.000000172100,  -0.04000,
,,,-00.000000172000,  -0.04000,
,,,-00.000000171900,  -0.04000,
,,,-00.000000171800,  -0.04000,
,,,-00.000000171700,  -0.04000,
,,,-00.000000171600,  -0.04000,
,,,-00.000000171500,  -0.04000,
,,,-00.000000171400,  -0.04000,
,,,-00.000000171300,  -0.04000,
,,,-00.000000171200,  -0.04000,
,,,-00.000000171100,  -0.04000,
,,,-00.000000171000,  -0.04000,
,,,-00.000000170900,  -0.04000,
,,,-00.000000170800,  -0.04000,
,,,-00.000000170700,  -0.04000,
,,,-00.000000170600,  -0.04000,
,,,-00.000000170500,  -0.04000,
,,,-00.000000170400,  -0.04000,
,,,-00.000000170300,  -0.04000,
,,,-00.000000170200,  -0.04000,
,,,-00.000000170100,  -0.04000,
,,,-00.000000170000,  -0.04000,
,,,-00.000000169900,   0.00000,
,,,-00.000000169800,   0.00000,
,,,-00.000000169700,   0.00000,
,,,-00.000000169600,  -0.04000,
,,,-00.000000169500,  -0.04000,
,,,-00.000000169400,  -0.04000,
,,,-00.000000169300,  -0.04000,
,,,-00.000000169200,  -0.04000,
,,,-00.000000169100,  -0.04000,
,,,-00.000000169000,  -0.04000,
,,,-00.000000168900,  -0.04000,
,,,-00.000000168800,  -0.04000,
,,,-00.000000168700,  -0.04000,
,,,-00.000000168600,  -0.04000,
,,,-00.000000168500,  -0.04000,
,,,-00.000000168400,  -0.04000,
,,,-00.000000168300,  -0.04000,
,,,-00.000000168200,  -0.04000,
,,,-00.000000168100,  -0.04000,
,,,-00.000000168000,  -0.04000,
,,,-00.000000167900,  -0.04000,
,,,-00.000000167800,  -0.04000,
,,,-00.000000167700,  -0.04000,
,,,-00.000000167600,  -0.08000,
,,,-00.000000167500,  -0.08000,
,,,-00.000000167400,  -0.08000,
,,,-00.000000167300,  -0.08000,
,,,-00.000000167200,  -0.08000,
,,,-00.000000167100,  -0.08000,
,,,-00.000000167000,  -0.08000,
,,,-00.000000166900,  -0.08000,
,,,-00.000000166800,  -0.08000,
,,,-00.000000166700,  -0.08000,
,,,-00.000000166600,  -0.08000,
,,,-00.000000166500,  -0.08000,
,,,-00.000000166400,  -0.08000,
,,,-00.000000166300,  -0.08000,
,,,-00.000000166200,  -0.08000,
,,,-00.000000166100,  -0.08000,
,,,-00.000000166000,  -0.08000,
,,,-00.000000165900,  -0.08000,
,,,-00.000000165800,  -0.04000,
,,,-00.000000165700,  -0.04000,
,,,-00.000000165600,  -0.04000,
,,,-00.000000165500,  -0.04000,
,,,-00.000000165400,  -0.04000,
,,,-00.000000165300,  -0.04000,
,,,-00.000000165200,  -0.04000,
,,,-00.000000165100,  -0.04000,
,,,-00.000000165000,  -0.04000,
,,,-00.000000164900,   0.00000,
,,,-00.000000164800,   0.00000,
,,,-00.000000164700,   0.00000,
,,,-00.000000164600,   0.00000,
,,,-00.000000164500,   0.00000,
,,,-00.000000164400,   0.00000,
,,,-00.000000164300,   0.00000,
,,,-00.000000164200,   0.00000,
,,,-00.000000164100,   0.00000,
,,,-00.000000164000,   0.00000,
,,,-00.000000163900,   0.00000,
,,,-00.000000163800,   0.00000,
,,,-00.000000163700,   0.00000,
,,,-00.000000163600,   0.00000,
,,,-00.000000163500,   0.00000,
,,,-00.000000163400,   0.00000,
,,,-00.000000163300,   0.00000,
,,,-00.000000163200,   0.00000,
,,,-00.000000163100,   0.00000,
,,,-00.000000163000,   0.00000,
,,,-00.000000162900,   0.00000,
,,,-00.000000162800,   0.00000,
,,,-00.000000162700,   0.00000,
,,,-00.000000162600,   0.00000,
,,,-00.000000162500,   0.00000,
,,,-00.000000162400,   0.00000,
,,,-00.000000162300,   0.00000,
,,,-00.000000162200,   0.00000,
,,,-00.000000162100,   0.00000,
,,,-00.000000162000,   0.00000,
,,,-00.000000161900,   0.00000,
,,,-00.000000161800,   0.00000,
,,,-00.000000161700,   0.00000,
,,,-00.000000161600,  -0.04000,
,,,-00.000000161500,  -0.04000,
,,,-00.000000161400,  -0.04000,
,,,-00.000000161300,  -0.04000,
,,,-00.000000161200,  -0.04000,
,,,-00.000000161100,  -0.04000,
,,,-00.000000161000,  -0.04000,
,,,-00.000000160900,  -0.04000,
,,,-00.000000160800,  -0.04000,
,,,-00.000000160700,  -0.04000,
,,,-00.000000160600,  -0.04000,
,,,-00.000000160500,  -0.04000,
,,,-00.000000160400,  -0.04000,
,,,-00.000000160300,  -0.04000,
,,,-00.000000160200,  -0.04000,
,,,-00.000000160100,  -0.04000,
,,,-00.000000160000,  -0.04000,
,,,-00.000000159900,  -0.04000,
,,,-00.000000159800,   0.00000,
,,,-00.000000159700,   0.00000,
,,,-00.000000159600,   0.00000,
,,,-00.000000159500,   0.00000,
,,,-00.000000159400,   0.00000,
,,,-00.000000159300,   0.04000,
,,,-00.000000159200,   0.04000,
,,,-00.000000159100,   0.04000,
,,,-00.000000159000,   0.04000,
,,,-00.000000158900,   0.04000,
,,,-00.000000158800,   0.08000,
,,,-00.000000158700,   0.08000,
,,,-00.000000158600,   0.08000,
,,,-00.000000158500,   0.08000,
,,,-00.000000158400,   0.08000,
,,,-00.000000158300,   0.12000,
,,,-00.000000158200,   0.12000,
,,,-00.000000158100,   0.12000,
,,,-00.000000158000,   0.12000,
,,,-00.000000157900,   0.12000,
,,,-00.000000157800,   0.16000,
,,,-00.000000157700,   0.16000,
,,,-00.000000157600,   0.16000,
,,,-00.000000157500,   0.16000,
,,,-00.000000157400,   0.20000,
,,,-00.000000157300,   0.20000,
,,,-00.000000157200,   0.20000,
,,,-00.000000157100,   0.24000,
,,,-00.000000157000,   0.24000,
,,,-00.000000156900,   0.24000,
,,,-00.000000156800,   0.28000,
,,,-00.000000156700,   0.28000,
,,,-00.000000156600,   0.28000,
,,,-00.000000156500,   0.28000,
,,,-00.000000156400,   0.32000,
,,,-00.000000156300,   0.32000,
,,,-00.000000156200,   0.32000,
,,,-00.000000156100,   0.36000,
,,,-00.000000156000,   0.36000,
,,,-00.000000155900,   0.36000,
,,,-00.000000155800,   0.40000,
,,,-00.000000155700,   0.40000,
,,,-00.000000155600,   0.40000,
,,,-00.000000155500,   0.44000,
,,,-00.000000155400,   0.44000,
,,,-00.000000155300,   0.44000,
,,,-00.000000155200,   0.48000,
,,,-00.000000155100,   0.48000,
,,,-00.000000155000,   0.52000,
,,,-00.000000154900,   0.52000,
,,,-00.000000154800,   0.56000,
,,,-00.000000154700,   0.56000,
,,,-00.000000154600,   0.56000,
,,,-00.000000154500,   0.60000,
,,,-00.000000154400,   0.60000,
,,,-00.000000154300,   0.64000,
,,,-00.000000154200,   0.64000,
,,,-00.000000154100,   0.68000,
,,,-00.000000154000,   0.68000,
,,,-00.000000153900,   0.72000,
,,,-00.000000153800,   0.76000,
,,,-00.000000153700,   0.76000,
,,,-00.000000153600,   0.80000,
,,,-00.000000153500,   0.84000,
,,,-00.000000153400,   0.84000,
,,,-00.000000153300,   0.88000,
,,,-00.000000153200,   0.92000,
,,,-00.000000153100,   0.92000,
,,,-00.000000153000,   0.96000,
,,,-00.000000152900,   1.00000,
,,,-00.000000152800,   1.04000,
,,,-00.000000152700,   1.04000,
,,,-00.000000152600,   1.08000,
,,,-00.000000152500,   1.08000,
,,,-00.000000152400,   1.12000,
,,,-00.000000152300,   1.12000,
,,,-00.000000152200,   1.16000,
,,,-00.000000152100,   1.20000,
,,,-00.000000152000,   1.20000,
,,,-00.000000151900,   1.24000,
,,,-00.000000151800,   1.28000,
,,,-00.000000151700,   1.28000,
,,,-00.000000151600,   1.32000,
,,,-00.000000151500,   1.36000,
,,,-00.000000151400,   1.40000,
,,,-00.000000151300,   1.44000,
,,,-00.000000151200,   1.48000,
,,,-00.000000151100,   1.52000,
,,,-00.000000151000,   1.56000,
,,,-00.000000150900,   1.60000,
,,,-00.000000150800,   1.64000,
,,,-00.000000150700,   1.64000,
,,,-00.000000150600,   1.68000,
,,,-00.000000150500,   1.72000,
,,,-00.000000150400,   1.76000,
,,,-00.000000150300,   1.80000,
,,,-00.000000150200,   1.80000,
,,,-00.000000150100,   1.84000,
,,,-00.000000150000,   1.88000,
,,,-00.000000149900,   1.92000,
,,,-00.000000149800,   1.96000,
,,,-00.000000149700,   2.00000,
,,,-00.000000149600,   2.00000,
,,,-00.000000149500,   2.04000,
,,,-00.000000149400,   2.08000,
,,,-00.000000149300,   2.12000,
,,,-00.000000149200,   2.16000,
,,,-00.000000149100,   2.20000,
,,,-00.000000149000,   2.24000,
,,,-00.000000148900,   2.28000,
,,,-00.000000148800,   2.32000,
,,,-00.000000148700,   2.36000,
,,,-00.000000148600,   2.36000,
,,,-00.000000148500,   2.40000,
,,,-00.000000148400,   2.44000,
,,,-00.000000148300,   2.48000,
,,,-00.000000148200,   2.52000,
,,,-00.000000148100,   2.56000,
,,,-00.000000148000,   2.60000,
,,,-00.000000147900,   2.64000,
,,,-00.000000147800,   2.68000,
,,,-00.000000147700,   2.72000,
,,,-00.000000147600,   2.72000,
,,,-00.000000147500,   2.76000,
,,,-00.000000147400,   2.80000,
,,,-00.000000147300,   2.84000,
,,,-00.000000147200,   2.88000,
,,,-00.000000147100,   2.92000,
,,,-00.000000147000,   2.96000,
,,,-00.000000146900,   3.00000,
,,,-00.000000146800,   3.04000,
,,,-00.000000146700,   3.08000,
,,,-00.000000146600,   3.08000,
,,,-00.000000146500,   3.12000,
,,,-00.000000146400,   3.16000,
,,,-00.000000146300,   3.20000,
,,,-00.000000146200,   3.24000,
,,,-00.000000146100,   3.28000,
,,,-00.000000146000,   3.32000,
,,,-00.000000145900,   3.36000,
,,,-00.000000145800,   3.40000,
,,,-00.000000145700,   3.44000,
,,,-00.000000145600,   3.44000,
,,,-00.000000145500,   3.48000,
,,,-00.000000145400,   3.52000,
,,,-00.000000145300,   3.56000,
,,,-00.000000145200,   3.60000,
,,,-00.000000145100,   3.64000,
,,,-00.000000145000,   3.68000,
,,,-00.000000144900,   3.72000,
,,,-00.000000144800,   3.76000,
,,,-00.000000144700,   3.76000,
,,,-00.000000144600,   3.80000,
,,,-00.000000144500,   3.84000,
,,,-00.000000144400,   3.88000,
,,,-00.000000144300,   3.92000,
,,,-00.000000144200,   3.96000,
,,,-00.000000144100,   3.96000,
,,,-00.000000144000,   4.00000,
,,,-00.000000143900,   4.04000,
,,,-00.000000143800,   4.08000,
,,,-00.000000143700,   4.08000,
,,,-00.000000143600,   4.12000,
,,,-00.000000143500,   4.16000,
,,,-00.000000143400,   4.20000,
,,,-00.000000143300,   4.20000,
,,,-00.000000143200,   4.24000,
,,,-00.000000143100,   4.28000,
,,,-00.000000143000,   4.28000,
,,,-00.000000142900,   4.32000,
,,,-00.000000142800,   4.36000,
,,,-00.000000142700,   4.36000,
,,,-00.000000142600,   4.40000,
,,,-00.000000142500,   4.40000,
,,,-00.000000142400,   4.44000,
,,,-00.000000142300,   4.44000,
,,,-00.000000142200,   4.48000,
,,,-00.000000142100,   4.48000,
,,,-00.000000142000,   4.52000,
,,,-00.000000141900,   4.52000,
,,,-00.000000141800,   4.56000,
,,,-00.000000141700,   4.56000,
,,,-00.000000141600,   4.60000,
,,,-00.000000141500,   4.60000,
,,,-00.000000141400,   4.64000,
,,,-00.000000141300,   4.68000,
,,,-00.000000141200,   4.68000,
,,,-00.000000141100,   4.72000,
,,,-00.000000141000,   4.72000,
,,,-00.000000140900,   4.76000,
,,,-00.000000140800,   4.80000,
,,,-00.000000140700,   4.80000,
,,,-00.000000140600,   4.84000,
,,,-00.000000140500,   4.84000,
,,,-00.000000140400,   4.84000,
,,,-00.000000140300,   4.88000,
,,,-00.000000140200,   4.88000,
,,,-00.000000140100,   4.92000,
,,,-00.000000140000,   4.92000,
,,,-00.000000139900,   4.92000,
,,,-00.000000139800,   4.96000,
,,,-00.000000139700,   4.96000,
,,,-00.000000139600,   4.96000,
,,,-00.000000139500,   4.96000,
,,,-00.000000139400,   5.00000,
,,,-00.000000139300,   5.00000,
,,,-00.000000139200,   5.00000,
,,,-00.000000139100,   5.00000,
,,,-00.000000139000,   5.00000,
,,,-00.000000138900,   5.00000,
,,,-00.000000138800,   5.04000,
,,,-00.000000138700,   5.04000,
,,,-00.000000138600,   5.04000,
,,,-00.000000138500,   5.04000,
,,,-00.000000138400,   5.04000,
,,,-00.000000138300,   5.04000,
,,,-00.000000138200,   5.04000,
,,,-00.000000138100,   5.04000,
,,,-00.000000138000,   5.08000,
,,,-00.000000137900,   5.08000,
,,,-00.000000137800,   5.08000,
,,,-00.000000137700,   5.08000,
,,,-00.000000137600,   5.08000,
,,,-00.000000137500,   5.08000,
,,,-00.000000137400,   5.08000,
,,,-00.000000137300,   5.08000,
,,,-00.000000137200,   5.08000,
,,,-00.000000137100,   5.08000,
,,,-00.000000137000,   5.08000,
,,,-00.000000136900,   5.08000,
,,,-00.000000136800,   5.08000,
,,,-00.000000136700,   5.08000,
,,,-00.000000136600,   5.08000,
,,,-00.000000136500,   5.04000,
,,,-00.000000136400,   5.04000,
,,,-00.000000136300,   5.04000,
,,,-00.000000136200,   5.04000,
,,,-00.000000136100,   5.04000,
,,,-00.000000136000,   5.04000,
,,,-00.000000135900,   5.04000,
,,,-00.000000135800,   5.04000,
,,,-00.000000135700,   5.00000,
,,,-00.000000135600,   5.00000,
,,,-00.000000135500,   5.00000,
,,,-00.000000135400,   5.00000,
,,,-00.000000135300,   5.00000,
,,,-00.000000135200,   5.00000,
,,,-00.000000135100,   4.96000,
,,,-00.000000135000,   4.96000,
,,,-00.000000134900,   4.96000,
,,,-00.000000134800,   4.96000,
,,,-00.000000134700,   4.92000,
,,,-00.000000134600,   4.92000,
,,,-00.000000134500,   4.92000,
,,,-00.000000134400,   4.88000,
,,,-00.000000134300,   4.88000,
,,,-00.000000134200,   4.84000,
,,,-00.000000134100,   4.84000,
,,,-00.000000134000,   4.84000,
,,,-00.000000133900,   4.80000,
,,,-00.000000133800,   4.80000,
,,,-00.000000133700,   4.76000,
,,,-00.000000133600,   4.76000,
,,,-00.000000133500,   4.72000,
,,,-00.000000133400,   4.72000,
,,,-00.000000133300,   4.68000,
,,,-00.000000133200,   4.68000,
,,,-00.000000133100,   4.64000,
,,,-00.000000133000,   4.64000,
,,,-00.000000132900,   4.60000,
,,,-00.000000132800,   4.60000,
,,,-00.000000132700,   4.56000,
,,,-00.000000132600,   4.52000,
,,,-00.000000132500,   4.52000,
,,,-00.000000132400,   4.48000,
,,,-00.000000132300,   4.44000,
,,,-00.000000132200,   4.44000,
,,,-00.000000132100,   4.40000,
,,,-00.000000132000,   4.36000,
,,,-00.000000131900,   4.32000,
,,,-00.000000131800,   4.32000,
,,,-00.000000131700,   4.28000,
,,,-00.000000131600,   4.24000,
,,,-00.000000131500,   4.24000,
,,,-00.000000131400,   4.20000,
,,,-00.000000131300,   4.16000,
,,,-00.000000131200,   4.16000,
,,,-00.000000131100,   4.12000,
,,,-00.000000131000,   4.08000,
,,,-00.000000130900,   4.04000,
,,,-00.000000130800,   4.04000,
,,,-00.000000130700,   4.00000,
,,,-00.000000130600,   3.96000,
,,,-00.000000130500,   3.92000,
,,,-00.000000130400,   3.92000,
,,,-00.000000130300,   3.88000,
,,,-00.000000130200,   3.84000,
,,,-00.000000130100,   3.80000,
,,,-00.000000130000,   3.76000,
,,,-00.000000129900,   3.72000,
,,,-00.000000129800,   3.72000,
,,,-00.000000129700,   3.68000,
,,,-00.000000129600,   3.64000,
,,,-00.000000129500,   3.60000,
,,,-00.000000129400,   3.60000,
,,,-00.000000129300,   3.56000,
,,,-00.000000129200,   3.52000,
,,,-00.000000129100,   3.48000,
,,,-00.000000129000,   3.44000,
,,,-00.000000128900,   3.40000,
,,,-00.000000128800,   3.40000,
,,,-00.000000128700,   3.36000,
,,,-00.000000128600,   3.32000,
,,,-00.000000128500,   3.28000,
,,,-00.000000128400,   3.24000,
,,,-00.000000128300,   3.20000,
,,,-00.000000128200,   3.16000,
,,,-00.000000128100,   3.12000,
,,,-00.000000128000,   3.08000,
,,,-00.000000127900,   3.08000,
,,,-00.000000127800,   3.04000,
,,,-00.000000127700,   3.00000,
,,,-00.000000127600,   2.96000,
,,,-00.000000127500,   2.92000,
,,,-00.000000127400,   2.88000,
,,,-00.000000127300,   2.88000,
,,,-00.000000127200,   2.84000,
,,,-00.000000127100,   2.80000,
,,,-00.000000127000,   2.76000,
,,,-00.000000126900,   2.72000,
,,,-00.000000126800,   2.72000,
,,,-00.000000126700,   2.68000,
,,,-00.000000126600,   2.64000,
,,,-00.000000126500,   2.60000,
,,,-00.000000126400,   2.60000,
,,,-00.000000126300,   2.56000,
,,,-00.000000126200,   2.52000,
,,,-00.000000126100,   2.48000,
,,,-00.000000126000,   2.44000,
,,,-00.000000125900,   2.40000,
,,,-00.000000125800,   2.40000,
,,,-00.000000125700,   2.36000,
,,,-00.000000125600,   2.32000,
,,,-00.000000125500,   2.28000,
,,,-00.000000125400,   2.24000,
,,,-00.000000125300,   2.20000,
,,,-00.000000125200,   2.16000,
,,,-00.000000125100,   2.12000,
,,,-00.000000125000,   2.08000,
,,,-00.000000124900,   2.08000,
,,,-00.000000124800,   2.04000,
,,,-00.000000124700,   2.00000,
,,,-00.000000124600,   1.96000,
,,,-00.000000124500,   1.92000,
,,,-00.000000124400,   1.88000,
,,,-00.000000124300,   1.88000,
,,,-00.000000124200,   1.84000,
,,,-00.000000124100,   1.80000,
,,,-00.000000124000,   1.76000,
,,,-00.000000123900,   1.72000,
,,,-00.000000123800,   1.72000,
,,,-00.000000123700,   1.68000,
,,,-00.000000123600,   1.64000,
,,,-00.000000123500,   1.60000,
,,,-00.000000123400,   1.60000,
,,,-00.000000123300,   1.56000,
,,,-00.000000123200,   1.52000,
,,,-00.000000123100,   1.52000,
,,,-00.000000123000,   1.48000,
,,,-00.000000122900,   1.44000,
,,,-00.000000122800,   1.44000,
,,,-00.000000122700,   1.40000,
,,,-00.000000122600,   1.40000,
,,,-00.000000122500,   1.36000,
,,,-00.000000122400,   1.36000,
,,,-00.000000122300,   1.32000,
,,,-00.000000122200,   1.32000,
,,,-00.000000122100,   1.28000,
,,,-00.000000122000,   1.28000,
,,,-00.000000121900,   1.24000,
,,,-00.000000121800,   1.24000,
,,,-00.000000121700,   1.20000,
,,,-00.000000121600,   1.16000,
,,,-00.000000121500,   1.16000,
,,,-00.000000121400,   1.12000,
,,,-00.000000121300,   1.12000,
,,,-00.000000121200,   1.08000,
,,,-00.000000121100,   1.04000,
,,,-00.000000121000,   1.04000,
,,,-00.000000120900,   1.00000,
,,,-00.000000120800,   1.00000,
,,,-00.000000120700,   0.96000,
,,,-00.000000120600,   0.92000,
,,,-00.000000120500,   0.92000,
,,,-00.000000120400,   0.88000,
,,,-00.000000120300,   0.88000,
,,,-00.000000120200,   0.84000,
,,,-00.000000120100,   0.80000,
,,,-00.000000120000,   0.80000,
,,,-00.000000119900,   0.76000,
,,,-00.000000119800,   0.76000,
,,,-00.000000119700,   0.72000,
,,,-00.000000119600,   0.72000,
,,,-00.000000119500,   0.68000,
,,,-00.000000119400,   0.64000,
,,,-00.000000119300,   0.64000,
,,,-00.000000119200,   0.60000,
,,,-00.000000119100,   0.60000,
,,,-00.000000119000,   0.56000,
,,,-00.000000118900,   0.56000,
,,,-00.000000118800,   0.56000,
,,,-00.000000118700,   0.52000,
,,,-00.000000118600,   0.52000,
,,,-00.000000118500,   0.52000,
,,,-00.000000118400,   0.48000,
,,,-00.000000118300,   0.48000,
,,,-00.000000118200,   0.48000,
,,,-00.000000118100,   0.48000,
,,,-00.000000118000,   0.44000,
,,,-00.000000117900,   0.44000,
,,,-00.000000117800,   0.44000,
,,,-00.000000117700,   0.40000,
,,,-00.000000117600,   0.40000,
,,,-00.000000117500,   0.36000,
,,,-00.000000117400,   0.36000,
,,,-00.000000117300,   0.36000,
,,,-00.000000117200,   0.32000,
,,,-00.000000117100,   0.32000,
,,,-00.000000117000,   0.28000,
,,,-00.000000116900,   0.28000,
,,,-00.000000116800,   0.28000,
,,,-00.000000116700,   0.24000,
,,,-00.000000116600,   0.24000,
,,,-00.000000116500,   0.24000,
,,,-00.000000116400,   0.20000,
,,,-00.000000116300,   0.20000,
,,,-00.000000116200,   0.20000,
,,,-00.000000116100,   0.16000,
,,,-00.000000116000,   0.16000,
,,,-00.000000115900,   0.16000,
,,,-00.000000115800,   0.16000,
,,,-00.000000115700,   0.12000,
,,,-00.000000115600,   0.12000,
,,,-00.000000115500,   0.12000,
,,,-00.000000115400,   0.12000,
,,,-00.000000115300,   0.12000,
,,,-00.000000115200,   0.08000,
,,,-00.000000115100,   0.08000,
,,,-00.000000115000,   0.08000,
,,,-00.000000114900,   0.08000,
,,,-00.000000114800,   0.08000,
,,,-00.000000114700,   0.04000,
,,,-00.000000114600,   0.04000,
,,,-00.000000114500,   0.04000,
,,,-00.000000114400,   0.04000,
,,,-00.000000114300,   0.04000,
,,,-00.000000114200,   0.00000,
,,,-00.000000114100,   0.00000,
,,,-00.000000114000,   0.00000,
,,,-00.000000113900,   0.00000,
,,,-00.000000113800,   0.00000,
,,,-00.000000113700,  -0.04000,
,,,-00.000000113600,  -0.04000,
,,,-00.000000113500,  -0.04000,
,,,-00.000000113400,  -0.04000,
,,,-00.000000113300,  -0.04000,
,,,-00.000000113200,  -0.08000,
,,,-00.000000113100,  -0.08000,
,,,-00.000000113000,  -0.08000,
,,,-00.000000112900,  -0.08000,
,,,-00.000000112800,  -0.08000,
,,,-00.000000112700,  -0.12000,
,,,-00.000000112600,  -0.12000,
,,,-00.000000112500,  -0.12000,
,,,-00.000000112400,  -0.12000,
,,,-00.000000112300,  -0.12000,
,,,-00.000000112200,  -0.16000,
,,,-00.000000112100,  -0.16000,
,,,-00.000000112000,  -0.16000,
,,,-00.000000111900,  -0.16000,
,,,-00.000000111800,  -0.16000,
,,,-00.000000111700,  -0.20000,
,,,-00.000000111600,  -0.20000,
,,,-00.000000111500,  -0.20000,
,,,-00.000000111400,  -0.20000,
,,,-00.000000111300,  -0.20000,
,,,-00.000000111200,  -0.24000,
,,,-00.000000111100,  -0.24000,
,,,-00.000000111000,  -0.24000,
,,,-00.000000110900,  -0.24000,
,,,-00.000000110800,  -0.24000,
,,,-00.000000110700,  -0.28000,
,,,-00.000000110600,  -0.28000,
,,,-00.000000110500,  -0.28000,
,,,-00.000000110400,  -0.28000,
,,,-00.000000110300,  -0.28000,
,,,-00.000000110200,  -0.28000,
,,,-00.000000110100,  -0.28000,
,,,-00.000000110000,  -0.28000,
,,,-00.000000109900,  -0.28000,
,,,-00.000000109800,  -0.28000,
,,,-00.000000109700,  -0.28000,
,,,-00.000000109600,  -0.32000,
,,,-00.000000109500,  -0.32000,
,,,-00.000000109400,  -0.32000,
,,,-00.000000109300,  -0.32000,
,,,-00.000000109200,  -0.32000,
,,,-00.000000109100,  -0.32000,
,,,-00.000000109000,  -0.32000,
,,,-00.000000108900,  -0.32000,
,,,-00.000000108800,  -0.32000,
,,,-00.000000108700,  -0.32000,
,,,-00.000000108600,  -0.36000,
,,,-00.000000108500,  -0.36000,
,,,-00.000000108400,  -0.36000,
,,,-00.000000108300,  -0.36000,
,,,-00.000000108200,  -0.36000,
,,,-00.000000108100,  -0.36000,
,,,-00.000000108000,  -0.36000,
,,,-00.000000107900,  -0.36000,
,,,-00.000000107800,  -0.36000,
,,,-00.000000107700,  -0.36000,
,,,-00.000000107600,  -0.36000,
,,,-00.000000107500,  -0.36000,
,,,-00.000000107400,  -0.36000,
,,,-00.000000107300,  -0.36000,
,,,-00.000000107200,  -0.36000,
,,,-00.000000107100,  -0.36000,
,,,-00.000000107000,  -0.36000,
,,,-00.000000106900,  -0.36000,
,,,-00.000000106800,  -0.36000,
,,,-00.000000106700,  -0.36000,
,,,-00.000000106600,  -0.40000,
,,,-00.000000106500,  -0.40000,
,,,-00.000000106400,  -0.40000,
,,,-00.000000106300,  -0.40000,
,,,-00.000000106200,  -0.40000,
,,,-00.000000106100,  -0.40000,
,,,-00.000000106000,  -0.40000,
,,,-00.000000105900,  -0.40000,
,,,-00.000000105800,  -0.40000,
,,,-00.000000105700,  -0.40000,
,,,-00.000000105600,  -0.40000,
,,,-00.000000105500,  -0.40000,
,,,-00.000000105400,  -0.44000,
,,,-00.000000105300,  -0.44000,
,,,-00.000000105200,  -0.44000,
,,,-00.000000105100,  -0.40000,
,,,-00.000000105000,  -0.40000,
,,,-00.000000104900,  -0.40000,
,,,-00.000000104800,  -0.40000,
,,,-00.000000104700,  -0.40000,
,,,-00.000000104600,  -0.40000,
,,,-00.000000104500,  -0.40000,
,,,-00.000000104400,  -0.40000,
,,,-00.000000104300,  -0.40000,
,,,-00.000000104200,  -0.40000,
,,,-00.000000104100,  -0.40000,
,,,-00.000000104000,  -0.40000,
,,,-00.000000103900,  -0.36000,
,,,-00.000000103800,  -0.36000,
,,,-00.000000103700,  -0.36000,
,,,-00.000000103600,  -0.36000,
,,,-00.000000103500,  -0.36000,
,,,-00.000000103400,  -0.36000,
,,,-00.000000103300,  -0.36000,
,,,-00.000000103200,  -0.36000,
,,,-00.000000103100,  -0.36000,
,,,-00.000000103000,  -0.36000,
,,,-00.000000102900,  -0.36000,
,,,-00.000000102800,  -0.36000,
,,,-00.000000102700,  -0.36000,
,,,-00.000000102600,  -0.36000,
,,,-00.000000102500,  -0.36000,
,,,-00.000000102400,  -0.36000,
,,,-00.000000102300,  -0.36000,
,,,-00.000000102200,  -0.36000,
,,,-00.000000102100,  -0.36000,
,,,-00.000000102000,  -0.36000,
,,,-00.000000101900,  -0.36000,
,,,-00.000000101800,  -0.36000,
,,,-00.000000101700,  -0.36000,
,,,-00.000000101600,  -0.36000,
,,,-00.000000101500,  -0.36000,
,,,-00.000000101400,  -0.36000,
,,,-00.000000101300,  -0.36000,
,,,-00.000000101200,  -0.36000,
,,,-00.000000101100,  -0.36000,
,,,-00.000000101000,  -0.36000,
,,,-00.000000100900,  -0.32000,
,,,-00.000000100800,  -0.32000,
,,,-00.000000100700,  -0.32000,
,,,-00.000000100600,  -0.36000,
,,,-00.000000100500,  -0.36000,
,,,-00.000000100400,  -0.36000,
,,,-00.000000100300,  -0.36000,
,,,-00.000000100200,  -0.36000,
,,,-00.000000100100,  -0.36000,
,,,-00.000000100000,  -0.36000,
,,,-00.000000099900,  -0.36000,
,,,-00.000000099800,  -0.36000,
,,,-00.000000099700,  -0.36000,
,,,-00.000000099600,  -0.36000,
,,,-00.000000099500,  -0.36000,
,,,-00.000000099400,  -0.36000,
,,,-00.000000099300,  -0.36000,
,,,-00.000000099200,  -0.36000,
,,,-00.000000099100,  -0.36000,
,,,-00.000000099000,  -0.36000,
,,,-00.000000098900,  -0.32000,
,,,-00.000000098800,  -0.32000,
,,,-00.000000098700,  -0.32000,
,,,-00.000000098600,  -0.32000,
,,,-00.000000098500,  -0.32000,
,,,-00.000000098400,  -0.32000,
,,,-00.000000098300,  -0.32000,
,,,-00.000000098200,  -0.32000,
,,,-00.000000098100,  -0.32000,
,,,-00.000000098000,  -0.32000,
,,,-00.000000097900,  -0.32000,
,,,-00.000000097800,  -0.32000,
,,,-00.000000097700,  -0.32000,
,,,-00.000000097600,  -0.32000,
,,,-00.000000097500,  -0.32000,
,,,-00.000000097400,  -0.32000,
,,,-00.000000097300,  -0.32000,
,,,-00.000000097200,  -0.32000,
,,,-00.000000097100,  -0.32000,
,,,-00.000000097000,  -0.32000,
,,,-00.000000096900,  -0.28000,
,,,-00.000000096800,  -0.28000,
,,,-00.000000096700,  -0.28000,
,,,-00.000000096600,  -0.28000,
,,,-00.000000096500,  -0.28000,
,,,-00.000000096400,  -0.28000,
,,,-00.000000096300,  -0.28000,
,,,-00.000000096200,  -0.28000,
,,,-00.000000096100,  -0.28000,
,,,-00.000000096000,  -0.28000,
,,,-00.000000095900,  -0.24000,
,,,-00.000000095800,  -0.24000,
,,,-00.000000095700,  -0.24000,
,,,-00.000000095600,  -0.24000,
,,,-00.000000095500,  -0.24000,
,,,-00.000000095400,  -0.24000,
,,,-00.000000095300,  -0.24000,
,,,-00.000000095200,  -0.24000,
,,,-00.000000095100,  -0.24000,
,,,-00.000000095000,  -0.24000,
,,,-00.000000094900,  -0.20000,
,,,-00.000000094800,  -0.20000,
,,,-00.000000094700,  -0.20000,
,,,-00.000000094600,  -0.20000,
,,,-00.000000094500,  -0.20000,
,,,-00.000000094400,  -0.20000,
,,,-00.000000094300,  -0.20000,
,,,-00.000000094200,  -0.20000,
,,,-00.000000094100,  -0.20000,
,,,-00.000000094000,  -0.20000,
,,,-00.000000093900,  -0.16000,
,,,-00.000000093800,  -0.16000,
,,,-00.000000093700,  -0.16000,
,,,-00.000000093600,  -0.16000,
,,,-00.000000093500,  -0.16000,
,,,-00.000000093400,  -0.16000,
,,,-00.000000093300,  -0.16000,
,,,-00.000000093200,  -0.16000,
,,,-00.000000093100,  -0.16000,
,,,-00.000000093000,  -0.16000,
,,,-00.000000092900,  -0.12000,
,,,-00.000000092800,  -0.12000,
,,,-00.000000092700,  -0.12000,
,,,-00.000000092600,  -0.12000,
,,,-00.000000092500,  -0.12000,
,,,-00.000000092400,  -0.12000,
,,,-00.000000092300,  -0.12000,
,,,-00.000000092200,  -0.12000,
,,,-00.000000092100,  -0.12000,
,,,-00.000000092000,  -0.12000,
,,,-00.000000091900,  -0.12000,
,,,-00.000000091800,  -0.12000,
,,,-00.000000091700,  -0.12000,
,,,-00.000000091600,  -0.12000,
,,,-00.000000091500,  -0.12000,
,,,-00.000000091400,  -0.12000,
,,,-00.000000091300,  -0.12000,
,,,-00.000000091200,  -0.12000,
,,,-00.000000091100,  -0.12000,
,,,-00.000000091000,  -0.12000,
,,,-00.000000090900,  -0.08000,
,,,-00.000000090800,  -0.08000,
,,,-00.000000090700,  -0.08000,
,,,-00.000000090600,  -0.08000,
,,,-00.000000090500,  -0.08000,
,,,-00.000000090400,  -0.08000,
,,,-00.000000090300,  -0.08000,
,,,-00.000000090200,  -0.08000,
,,,-00.000000090100,  -0.08000,
,,,-00.000000090000,  -0.08000,
,,,-00.000000089900,  -0.08000,
,,,-00.000000089800,  -0.08000,
,,,-00.000000089700,  -0.08000,
,,,-00.000000089600,  -0.08000,
,,,-00.000000089500,  -0.08000,
,,,-00.000000089400,  -0.08000,
,,,-00.000000089300,  -0.08000,
,,,-00.000000089200,  -0.08000,
,,,-00.000000089100,  -0.08000,
,,,-00.000000089000,  -0.08000,
,,,-00.000000088900,  -0.04000,
,,,-00.000000088800,  -0.04000,
,,,-00.000000088700,  -0.04000,
,,,-00.000000088600,  -0.04000,
,,,-00.000000088500,  -0.04000,
,,,-00.000000088400,  -0.04000,
,,,-00.000000088300,  -0.04000,
,,,-00.000000088200,  -0.04000,
,,,-00.000000088100,  -0.04000,
,,,-00.000000088000,   0.00000,
,,,-00.000000087900,   0.00000,
,,,-00.000000087800,   0.00000,
,,,-00.000000087700,   0.00000,
,,,-00.000000087600,  -0.04000,
,,,-00.000000087500,  -0.04000,
,,,-00.000000087400,  -0.04000,
,,,-00.000000087300,  -0.04000,
,,,-00.000000087200,  -0.04000,
,,,-00.000000087100,  -0.04000,
,,,-00.000000087000,  -0.04000,
,,,-00.000000086900,  -0.04000,
,,,-00.000000086800,  -0.04000,
,,,-00.000000086700,  -0.04000,
,,,-00.000000086600,  -0.04000,
,,,-00.000000086500,  -0.04000,
,,,-00.000000086400,  -0.04000,
,,,-00.000000086300,  -0.04000,
,,,-00.000000086200,  -0.04000,
,,,-00.000000086100,  -0.04000,
,,,-00.000000086000,  -0.04000,
,,,-00.000000085900,   0.00000,
,,,-00.000000085800,   0.00000,
,,,-00.000000085700,   0.00000,
,,,-00.000000085600,   0.00000,
,,,-00.000000085500,   0.00000,
,,,-00.000000085400,   0.00000,
,,,-00.000000085300,   0.00000,
,,,-00.000000085200,   0.00000,
,,,-00.000000085100,   0.00000,
,,,-00.000000085000,   0.00000,
,,,-00.000000084900,   0.00000,
,,,-00.000000084800,   0.00000,
,,,-00.000000084700,   0.00000,
,,,-00.000000084600,   0.00000,
,,,-00.000000084500,   0.00000,
,,,-00.000000084400,   0.00000,
,,,-00.000000084300,   0.00000,
,,,-00.000000084200,   0.00000,
,,,-00.000000084100,   0.00000,
,,,-00.000000084000,   0.00000,
,,,-00.000000083900,   0.04000,
,,,-00.000000083800,   0.04000,
,,,-00.000000083700,   0.04000,
,,,-00.000000083600,   0.00000,
,,,-00.000000083500,   0.00000,
,,,-00.000000083400,   0.00000,
,,,-00.000000083300,   0.00000,
,,,-00.000000083200,   0.00000,
,,,-00.000000083100,   0.00000,
,,,-00.000000083000,   0.00000,
,,,-00.000000082900,   0.00000,
,,,-00.000000082800,   0.00000,
,,,-00.000000082700,   0.00000,
,,,-00.000000082600,   0.00000,
,,,-00.000000082500,   0.00000,
,,,-00.000000082400,   0.00000,
,,,-00.000000082300,   0.00000,
,,,-00.000000082200,   0.00000,
,,,-00.000000082100,   0.00000,
,,,-00.000000082000,   0.00000,
,,,-00.000000081900,   0.00000,
,,,-00.000000081800,   0.00000,
,,,-00.000000081700,   0.00000,
,,,-00.000000081600,   0.00000,
,,,-00.000000081500,   0.00000,
,,,-00.000000081400,   0.00000,
,,,-00.000000081300,   0.00000,
,,,-00.000000081200,   0.00000,
,,,-00.000000081100,   0.00000,
,,,-00.000000081000,   0.00000,
,,,-00.000000080900,   0.00000,
,,,-00.000000080800,   0.00000,
,,,-00.000000080700,   0.00000,
,,,-00.000000080600,  -0.04000,
,,,-00.000000080500,  -0.04000,
,,,-00.000000080400,  -0.04000,
,,,-00.000000080300,  -0.04000,
,,,-00.000000080200,  -0.04000,
,,,-00.000000080100,  -0.04000,
,,,-00.000000080000,  -0.04000,
,,,-00.000000079900,  -0.04000,
,,,-00.000000079800,  -0.04000,
,,,-00.000000079700,  -0.04000,
,,,-00.000000079600,  -0.04000,
,,,-00.000000079500,  -0.04000,
,,,-00.000000079400,  -0.04000,
,,,-00.000000079300,  -0.04000,
,,,-00.000000079200,  -0.04000,
,,,-00.000000079100,  -0.04000,
,,,-00.000000079000,  -0.04000,
,,,-00.000000078900,   0.00000,
,,,-00.000000078800,   0.00000,
,,,-00.000000078700,   0.00000,
,,,-00.000000078600,   0.00000,
,,,-00.000000078500,   0.00000,
,,,-00.000000078400,   0.00000,
,,,-00.000000078300,   0.00000,
,,,-00.000000078200,   0.00000,
,,,-00.000000078100,   0.00000,
,,,-00.000000078000,   0.00000,
,,,-00.000000077900,   0.00000,
,,,-00.000000077800,   0.00000,
,,,-00.000000077700,   0.00000,
,,,-00.000000077600,   0.00000,
,,,-00.000000077500,   0.00000,
,,,-00.000000077400,   0.00000,
,,,-00.000000077300,   0.00000,
,,,-00.000000077200,   0.00000,
,,,-00.000000077100,   0.00000,
,,,-00.000000077000,   0.00000,
,,,-00.000000076900,   0.00000,
,,,-00.000000076800,   0.00000,
,,,-00.000000076700,   0.00000,
,,,-00.000000076600,   0.00000,
,,,-00.000000076500,   0.00000,
,,,-00.000000076400,   0.00000,
,,,-00.000000076300,   0.00000,
,,,-00.000000076200,   0.00000,
,,,-00.000000076100,   0.00000,
,,,-00.000000076000,   0.00000,
,,,-00.000000075900,   0.00000,
,,,-00.000000075800,   0.00000,
,,,-00.000000075700,   0.00000,
,,,-00.000000075600,   0.00000,
,,,-00.000000075500,   0.00000,
,,,-00.000000075400,   0.00000,
,,,-00.000000075300,   0.00000,
,,,-00.000000075200,   0.00000,
,,,-00.000000075100,   0.00000,
,,,-00.000000075000,   0.00000,
,,,-00.000000074900,   0.00000,
,,,-00.000000074800,   0.00000,
,,,-00.000000074700,   0.00000,
,,,-00.000000074600,   0.00000,
,,,-00.000000074500,   0.00000,
,,,-00.000000074400,   0.00000,
,,,-00.000000074300,   0.00000,
,,,-00.000000074200,   0.00000,
,,,-00.000000074100,   0.00000,
,,,-00.000000074000,   0.00000,
,,,-00.000000073900,   0.04000,
,,,-00.000000073800,   0.04000,
,,,-00.000000073700,   0.04000,
,,,-00.000000073600,   0.04000,
,,,-00.000000073500,   0.04000,
,,,-00.000000073400,   0.04000,
,,,-00.000000073300,   0.04000,
,,,-00.000000073200,   0.04000,
,,,-00.000000073100,   0.04000,
,,,-00.000000073000,   0.08000,
,,,-00.000000072900,   0.08000,
,,,-00.000000072800,   0.08000,
,,,-00.000000072700,   0.08000,
,,,-00.000000072600,   0.08000,
,,,-00.000000072500,   0.04000,
,,,-00.000000072400,   0.04000,
,,,-00.000000072300,   0.04000,
,,,-00.000000072200,   0.04000,
,,,-00.000000072100,   0.04000,
,,,-00.000000072000,   0.04000,
,,,-00.000000071900,   0.04000,
,,,-00.000000071800,   0.04000,
,,,-00.000000071700,   0.04000,
,,,-00.000000071600,   0.00000,
,,,-00.000000071500,   0.00000,
,,,-00.000000071400,   0.00000,
,,,-00.000000071300,   0.00000,
,,,-00.000000071200,   0.00000,
,,,-00.000000071100,   0.00000,
,,,-00.000000071000,   0.00000,
,,,-00.000000070900,   0.00000,
,,,-00.000000070800,   0.00000,
,,,-00.000000070700,   0.00000,
,,,-00.000000070600,   0.00000,
,,,-00.000000070500,   0.00000,
,,,-00.000000070400,  -0.04000,
,,,-00.000000070300,  -0.04000,
,,,-00.000000070200,  -0.04000,
,,,-00.000000070100,   0.00000,
,,,-00.000000070000,   0.00000,
,,,-00.000000069900,   0.00000,
,,,-00.000000069800,   0.00000,
,,,-00.000000069700,   0.00000,
,,,-00.000000069600,   0.00000,
,,,-00.000000069500,   0.00000,
,,,-00.000000069400,   0.00000,
,,,-00.000000069300,   0.00000,
,,,-00.000000069200,   0.00000,
,,,-00.000000069100,   0.00000,
,,,-00.000000069000,   0.00000,
,,,-00.000000068900,   0.04000,
,,,-00.000000068800,   0.04000,
,,,-00.000000068700,   0.04000,
,,,-00.000000068600,   0.00000,
,,,-00.000000068500,   0.00000,
,,,-00.000000068400,   0.00000,
,,,-00.000000068300,   0.00000,
,,,-00.000000068200,   0.00000,
,,,-00.000000068100,   0.00000,
,,,-00.000000068000,   0.00000,
,,,-00.000000067900,   0.00000,
,,,-00.000000067800,   0.00000,
,,,-00.000000067700,   0.00000,
,,,-00.000000067600,   0.00000,
,,,-00.000000067500,   0.00000,
,,,-00.000000067400,   0.00000,
,,,-00.000000067300,   0.00000,
,,,-00.000000067200,   0.00000,
,,,-00.000000067100,   0.00000,
,,,-00.000000067000,   0.00000,
,,,-00.000000066900,   0.00000,
,,,-00.000000066800,   0.00000,
,,,-00.000000066700,   0.00000,
,,,-00.000000066600,   0.00000,
,,,-00.000000066500,   0.00000,
,,,-00.000000066400,   0.00000,
,,,-00.000000066300,   0.00000,
,,,-00.000000066200,   0.00000,
,,,-00.000000066100,   0.00000,
,,,-00.000000066000,   0.00000,
,,,-00.000000065900,   0.00000,
,,,-00.000000065800,   0.00000,
,,,-00.000000065700,   0.00000,
,,,-00.000000065600,   0.00000,
,,,-00.000000065500,   0.00000,
,,,-00.000000065400,   0.00000,
,,,-00.000000065300,   0.00000,
,,,-00.000000065200,   0.00000,
,,,-00.000000065100,   0.00000,
,,,-00.000000065000,   0.00000,
,,,-00.000000064900,   0.00000,
,,,-00.000000064800,   0.00000,
,,,-00.000000064700,   0.00000,
,,,-00.000000064600,   0.00000,
,,,-00.000000064500,   0.00000,
,,,-00.000000064400,   0.00000,
,,,-00.000000064300,   0.00000,
,,,-00.000000064200,   0.00000,
,,,-00.000000064100,   0.00000,
,,,-00.000000064000,   0.00000,
,,,-00.000000063900,   0.00000,
,,,-00.000000063800,   0.00000,
,,,-00.000000063700,   0.00000,
,,,-00.000000063600,   0.00000,
,,,-00.000000063500,   0.00000,
,,,-00.000000063400,   0.00000,
,,,-00.000000063300,   0.00000,
,,,-00.000000063200,   0.00000,
,,,-00.000000063100,   0.00000,
,,,-00.000000063000,   0.00000,
,,,-00.000000062900,   0.00000,
,,,-00.000000062800,   0.00000,
,,,-00.000000062700,   0.00000,
,,,-00.000000062600,  -0.04000,
,,,-00.000000062500,  -0.04000,
,,,-00.000000062400,  -0.04000,
,,,-00.000000062300,  -0.04000,
,,,-00.000000062200,  -0.04000,
,,,-00.000000062100,  -0.04000,
,,,-00.000000062000,  -0.04000,
,,,-00.000000061900,  -0.04000,
,,,-00.000000061800,  -0.04000,
,,,-00.000000061700,  -0.04000,
,,,-00.000000061600,  -0.04000,
,,,-00.000000061500,  -0.04000,
,,,-00.000000061400,  -0.04000,
,,,-00.000000061300,  -0.04000,
,,,-00.000000061200,  -0.04000,
,,,-00.000000061100,  -0.04000,
,,,-00.000000061000,  -0.04000,
,,,-00.000000060900,   0.00000,
,,,-00.000000060800,   0.00000,
,,,-00.000000060700,   0.00000,
,,,-00.000000060600,   0.00000,
,,,-00.000000060500,   0.00000,
,,,-00.000000060400,   0.00000,
,,,-00.000000060300,   0.00000,
,,,-00.000000060200,   0.00000,
,,,-00.000000060100,   0.00000,
,,,-00.000000060000,   0.00000,
,,,-00.000000059900,   0.00000,
,,,-00.000000059800,   0.00000,
,,,-00.000000059700,   0.00000,
,,,-00.000000059600,   0.00000,
,,,-00.000000059500,   0.00000,
,,,-00.000000059400,   0.00000,
,,,-00.000000059300,   0.00000,
,,,-00.000000059200,   0.00000,
,,,-00.000000059100,   0.00000,
,,,-00.000000059000,   0.00000,
,,,-00.000000058900,   0.00000,
,,,-00.000000058800,   0.00000,
,,,-00.000000058700,   0.00000,
,,,-00.000000058600,   0.00000,
,,,-00.000000058500,   0.00000,
,,,-00.000000058400,   0.00000,
,,,-00.000000058300,   0.00000,
,,,-00.000000058200,   0.00000,
,,,-00.000000058100,   0.00000,
,,,-00.000000058000,   0.00000,
,,,-00.000000057900,   0.00000,
,,,-00.000000057800,   0.00000,
,,,-00.000000057700,   0.00000,
,,,-00.000000057600,  -0.04000,
,,,-00.000000057500,  -0.04000,
,,,-00.000000057400,  -0.04000,
,,,-00.000000057300,  -0.04000,
,,,-00.000000057200,  -0.04000,
,,,-00.000000057100,  -0.04000,
,,,-00.000000057000,  -0.04000,
,,,-00.000000056900,  -0.04000,
,,,-00.000000056800,  -0.04000,
,,,-00.000000056700,  -0.08000,
,,,-00.000000056600,  -0.08000,
,,,-00.000000056500,  -0.08000,
,,,-00.000000056400,  -0.08000,
,,,-00.000000056300,  -0.08000,
,,,-00.000000056200,  -0.08000,
,,,-00.000000056100,  -0.08000,
,,,-00.000000056000,  -0.08000,
,,,-00.000000055900,  -0.08000,
,,,-00.000000055800,  -0.08000,
,,,-00.000000055700,  -0.08000,
,,,-00.000000055600,  -0.08000,
,,,-00.000000055500,  -0.08000,
,,,-00.000000055400,  -0.08000,
,,,-00.000000055300,  -0.04000,
,,,-00.000000055200,  -0.04000,
,,,-00.000000055100,  -0.04000,
,,,-00.000000055000,  -0.04000,
,,,-00.000000054900,  -0.04000,
,,,-00.000000054800,   0.00000,
,,,-00.000000054700,   0.00000,
,,,-00.000000054600,   0.00000,
,,,-00.000000054500,   0.00000,
,,,-00.000000054400,   0.00000,
,,,-00.000000054300,   0.00000,
,,,-00.000000054200,   0.00000,
,,,-00.000000054100,   0.00000,
,,,-00.000000054000,   0.00000,
,,,-00.000000053900,   0.00000,
,,,-00.000000053800,   0.00000,
,,,-00.000000053700,   0.00000,
,,,-00.000000053600,  -0.04000,
,,,-00.000000053500,  -0.04000,
,,,-00.000000053400,  -0.04000,
,,,-00.000000053300,  -0.04000,
,,,-00.000000053200,  -0.04000,
,,,-00.000000053100,  -0.04000,
,,,-00.000000053000,  -0.04000,
,,,-00.000000052900,  -0.04000,
,,,-00.000000052800,  -0.04000,
,,,-00.000000052700,  -0.04000,
,,,-00.000000052600,  -0.04000,
,,,-00.000000052500,  -0.04000,
,,,-00.000000052400,  -0.04000,
,,,-00.000000052300,  -0.04000,
,,,-00.000000052200,  -0.04000,
,,,-00.000000052100,  -0.04000,
,,,-00.000000052000,  -0.04000,
,,,-00.000000051900,  -0.04000,
,,,-00.000000051800,  -0.04000,
,,,-00.000000051700,  -0.04000,
,,,-00.000000051600,  -0.04000,
,,,-00.000000051500,  -0.04000,
,,,-00.000000051400,  -0.04000,
,,,-00.000000051300,  -0.04000,
,,,-00.000000051200,  -0.04000,
,,,-00.000000051100,  -0.04000,
,,,-00.000000051000,  -0.04000,
,,,-00.000000050900,  -0.04000,
,,,-00.000000050800,  -0.04000,
,,,-00.000000050700,  -0.04000,
,,,-00.000000050600,  -0.04000,
,,,-00.000000050500,  -0.04000,
,,,-00.000000050400,  -0.04000,
,,,-00.000000050300,  -0.04000,
,,,-00.000000050200,  -0.04000,
,,,-00.000000050100,  -0.04000,
,,,-00.000000050000,  -0.04000,
,,,-00.000000049900,  -0.04000,
,,,-00.000000049800,  -0.04000,
,,,-00.000000049700,  -0.04000,
,,,-00.000000049600,  -0.04000,
,,,-00.000000049500,  -0.04000,
,,,-00.000000049400,  -0.04000,
,,,-00.000000049300,  -0.04000,
,,,-00.000000049200,  -0.04000,
,,,-00.000000049100,  -0.04000,
,,,-00.000000049000,  -0.04000,
,,,-00.000000048900,  -0.04000,
,,,-00.000000048800,  -0.04000,
,,,-00.000000048700,  -0.04000,
,,,-00.000000048600,  -0.04000,
,,,-00.000000048500,  -0.04000,
,,,-00.000000048400,  -0.04000,
,,,-00.000000048300,  -0.04000,
,,,-00.000000048200,  -0.04000,
,,,-00.000000048100,  -0.04000,
,,,-00.000000048000,  -0.04000,
,,,-00.000000047900,  -0.04000,
,,,-00.000000047800,  -0.04000,
,,,-00.000000047700,  -0.04000,
,,,-00.000000047600,  -0.04000,
,,,-00.000000047500,  -0.04000,
,,,-00.000000047400,  -0.04000,
,,,-00.000000047300,  -0.04000,
,,,-00.000000047200,  -0.04000,
,,,-00.000000047100,  -0.04000,
,,,-00.000000047000,  -0.04000,
,,,-00.000000046900,  -0.04000,
,,,-00.000000046800,  -0.04000,
,,,-00.000000046700,  -0.04000,
,,,-00.000000046600,  -0.04000,
,,,-00.000000046500,  -0.04000,
,,,-00.000000046400,  -0.04000,
,,,-00.000000046300,  -0.04000,
,,,-00.000000046200,  -0.04000,
,,,-00.000000046100,  -0.04000,
,,,-00.000000046000,  -0.04000,
,,,-00.000000045900,  -0.04000,
,,,-00.000000045800,  -0.04000,
,,,-00.000000045700,  -0.04000,
,,,-00.000000045600,  -0.04000,
,,,-00.000000045500,  -0.04000,
,,,-00.000000045400,  -0.04000,
,,,-00.000000045300,  -0.04000,
,,,-00.000000045200,  -0.04000,
,,,-00.000000045100,  -0.04000,
,,,-00.000000045000,  -0.04000,
,,,-00.000000044900,  -0.04000,
,,,-00.000000044800,  -0.04000,
,,,-00.000000044700,  -0.04000,
,,,-00.000000044600,  -0.04000,
,,,-00.000000044500,  -0.04000,
,,,-00.000000044400,  -0.04000,
,,,-00.000000044300,  -0.04000,
,,,-00.000000044200,  -0.04000,
,,,-00.000000044100,  -0.04000,
,,,-00.000000044000,  -0.04000,
,,,-00.000000043900,   0.00000,
,,,-00.000000043800,   0.00000,
,,,-00.000000043700,   0.00000,
,,,-00.000000043600,  -0.04000,
,,,-00.000000043500,  -0.04000,
,,,-00.000000043400,  -0.04000,
,,,-00.000000043300,  -0.04000,
,,,-00.000000043200,  -0.04000,
,,,-00.000000043100,  -0.04000,
,,,-00.000000043000,  -0.04000,
,,,-00.000000042900,  -0.04000,
,,,-00.000000042800,  -0.04000,
,,,-00.000000042700,  -0.04000,
,,,-00.000000042600,  -0.04000,
,,,-00.000000042500,  -0.04000,
,,,-00.000000042400,  -0.04000,
,,,-00.000000042300,  -0.04000,
,,,-00.000000042200,  -0.04000,
,,,-00.000000042100,  -0.04000,
,,,-00.000000042000,  -0.04000,
,,,-00.000000041900,   0.00000,
,,,-00.000000041800,   0.00000,
,,,-00.000000041700,   0.00000,
,,,-00.000000041600,   0.00000,
,,,-00.000000041500,   0.00000,
,,,-00.000000041400,   0.00000,
,,,-00.000000041300,   0.00000,
,,,-00.000000041200,   0.00000,
,,,-00.000000041100,   0.00000,
,,,-00.000000041000,   0.00000,
,,,-00.000000040900,   0.00000,
,,,-00.000000040800,   0.00000,
,,,-00.000000040700,   0.00000,
,,,-00.000000040600,   0.00000,
,,,-00.000000040500,   0.00000,
,,,-00.000000040400,   0.00000,
,,,-00.000000040300,   0.00000,
,,,-00.000000040200,   0.00000,
,,,-00.000000040100,   0.00000,
,,,-00.000000040000,   0.00000,
,,,-00.000000039900,   0.00000,
,,,-00.000000039800,   0.00000,
,,,-00.000000039700,   0.00000,
,,,-00.000000039600,   0.00000,
,,,-00.000000039500,   0.00000,
,,,-00.000000039400,   0.00000,
,,,-00.000000039300,   0.00000,
,,,-00.000000039200,   0.00000,
,,,-00.000000039100,   0.00000,
,,,-00.000000039000,   0.00000,
,,,-00.000000038900,   0.04000,
,,,-00.000000038800,   0.04000,
,,,-00.000000038700,   0.04000,
,,,-00.000000038600,   0.04000,
,,,-00.000000038500,   0.00000,
,,,-00.000000038400,   0.00000,
,,,-00.000000038300,   0.00000,
,,,-00.000000038200,   0.00000,
,,,-00.000000038100,   0.00000,
,,,-00.000000038000,   0.00000,
,,,-00.000000037900,   0.00000,
,,,-00.000000037800,   0.00000,
,,,-00.000000037700,  -0.04000,
,,,-00.000000037600,  -0.04000,
,,,-00.000000037500,  -0.04000,
,,,-00.000000037400,  -0.04000,
,,,-00.000000037300,  -0.04000,
,,,-00.000000037200,  -0.04000,
,,,-00.000000037100,  -0.04000,
,,,-00.000000037000,  -0.04000,
,,,-00.000000036900,  -0.04000,
,,,-00.000000036800,  -0.04000,
,,,-00.000000036700,  -0.04000,
,,,-00.000000036600,  -0.04000,
,,,-00.000000036500,  -0.04000,
,,,-00.000000036400,  -0.04000,
,,,-00.000000036300,  -0.04000,
,,,-00.000000036200,  -0.04000,
,,,-00.000000036100,  -0.04000,
,,,-00.000000036000,  -0.04000,
,,,-00.000000035900,   0.00000,
,,,-00.000000035800,   0.00000,
,,,-00.000000035700,   0.00000,
,,,-00.000000035600,   0.00000,
,,,-00.000000035500,   0.00000,
,,,-00.000000035400,   0.00000,
,,,-00.000000035300,   0.00000,
,,,-00.000000035200,   0.00000,
,,,-00.000000035100,   0.00000,
,,,-00.000000035000,   0.00000,
,,,-00.000000034900,   0.00000,
,,,-00.000000034800,   0.00000,
,,,-00.000000034700,   0.00000,
,,,-00.000000034600,  -0.04000,
,,,-00.000000034500,  -0.04000,
,,,-00.000000034400,  -0.04000,
,,,-00.000000034300,  -0.04000,
,,,-00.000000034200,  -0.04000,
,,,-00.000000034100,  -0.04000,
,,,-00.000000034000,  -0.04000,
,,,-00.000000033900,  -0.04000,
,,,-00.000000033800,  -0.04000,
,,,-00.000000033700,  -0.04000,
,,,-00.000000033600,  -0.08000,
,,,-00.000000033500,  -0.08000,
,,,-00.000000033400,  -0.08000,
,,,-00.000000033300,  -0.08000,
,,,-00.000000033200,  -0.08000,
,,,-00.000000033100,  -0.08000,
,,,-00.000000033000,  -0.08000,
,,,-00.000000032900,  -0.04000,
,,,-00.000000032800,  -0.04000,
,,,-00.000000032700,  -0.04000,
,,,-00.000000032600,  -0.04000,
,,,-00.000000032500,  -0.04000,
,,,-00.000000032400,  -0.04000,
,,,-00.000000032300,   0.00000,
,,,-00.000000032200,   0.00000,
,,,-00.000000032100,   0.00000,
,,,-00.000000032000,   0.00000,
,,,-00.000000031900,   0.00000,
,,,-00.000000031800,   0.04000,
,,,-00.000000031700,   0.04000,
,,,-00.000000031600,   0.04000,
,,,-00.000000031500,   0.04000,
,,,-00.000000031400,   0.00000,
,,,-00.000000031300,   0.00000,
,,,-00.000000031200,   0.00000,
,,,-00.000000031100,   0.00000,
,,,-00.000000031000,   0.00000,
,,,-00.000000030900,   0.00000,
,,,-00.000000030800,   0.00000,
,,,-00.000000030700,  -0.04000,
,,,-00.000000030600,  -0.04000,
,,,-00.000000030500,  -0.04000,
,,,-00.000000030400,  -0.04000,
,,,-00.000000030300,  -0.04000,
,,,-00.000000030200,  -0.04000,
,,,-00.000000030100,  -0.04000,
,,,-00.000000030000,  -0.04000,
,,,-00.000000029900,  -0.04000,
,,,-00.000000029800,  -0.04000,
,,,-00.000000029700,  -0.04000,
,,,-00.000000029600,  -0.04000,
,,,-00.000000029500,  -0.04000,
,,,-00.000000029400,  -0.04000,
,,,-00.000000029300,  -0.04000,
,,,-00.000000029200,  -0.04000,
,,,-00.000000029100,  -0.04000,
,,,-00.000000029000,  -0.04000,
,,,-00.000000028900,   0.00000,
,,,-00.000000028800,   0.00000,
,,,-00.000000028700,   0.00000,
,,,-00.000000028600,   0.00000,
,,,-00.000000028500,   0.00000,
,,,-00.000000028400,   0.00000,
,,,-00.000000028300,   0.00000,
,,,-00.000000028200,   0.00000,
,,,-00.000000028100,   0.00000,
,,,-00.000000028000,   0.00000,
,,,-00.000000027900,   0.00000,
,,,-00.000000027800,   0.00000,
,,,-00.000000027700,   0.00000,
,,,-00.000000027600,   0.00000,
,,,-00.000000027500,   0.00000,
,,,-00.000000027400,   0.00000,
,,,-00.000000027300,   0.00000,
,,,-00.000000027200,   0.00000,
,,,-00.000000027100,   0.00000,
,,,-00.000000027000,   0.00000,
,,,-00.000000026900,   0.04000,
,,,-00.000000026800,   0.04000,
,,,-00.000000026700,   0.04000,
,,,-00.000000026600,   0.04000,
,,,-00.000000026500,   0.04000,
,,,-00.000000026400,   0.04000,
,,,-00.000000026300,   0.04000,
,,,-00.000000026200,   0.04000,
,,,-00.000000026100,   0.04000,
,,,-00.000000026000,   0.04000,
,,,-00.000000025900,   0.04000,
,,,-00.000000025800,   0.04000,
,,,-00.000000025700,   0.00000,
,,,-00.000000025600,   0.00000,
,,,-00.000000025500,   0.00000,
,,,-00.000000025400,   0.00000,
,,,-00.000000025300,   0.00000,
,,,-00.000000025200,  -0.04000,
,,,-00.000000025100,  -0.04000,
,,,-00.000000025000,  -0.04000,
,,,-00.000000024900,  -0.04000,
,,,-00.000000024800,  -0.04000,
,,,-00.000000024700,  -0.04000,
,,,-00.000000024600,  -0.04000,
,,,-00.000000024500,  -0.08000,
,,,-00.000000024400,  -0.08000,
,,,-00.000000024300,  -0.04000,
,,,-00.000000024200,  -0.04000,
,,,-00.000000024100,  -0.04000,
,,,-00.000000024000,  -0.04000,
,,,-00.000000023900,  -0.04000,
,,,-00.000000023800,  -0.04000,
,,,-00.000000023700,  -0.04000,
,,,-00.000000023600,  -0.04000,
,,,-00.000000023500,  -0.04000,
,,,-00.000000023400,  -0.04000,
,,,-00.000000023300,  -0.04000,
,,,-00.000000023200,  -0.04000,
,,,-00.000000023100,  -0.04000,
,,,-00.000000023000,  -0.04000,
,,,-00.000000022900,  -0.04000,
,,,-00.000000022800,  -0.04000,
,,,-00.000000022700,  -0.04000,
,,,-00.000000022600,  -0.04000,
,,,-00.000000022500,  -0.04000,
,,,-00.000000022400,  -0.04000,
,,,-00.000000022300,  -0.04000,
,,,-00.000000022200,  -0.04000,
,,,-00.000000022100,  -0.04000,
,,,-00.000000022000,  -0.04000,
,,,-00.000000021900,  -0.04000,
,,,-00.000000021800,  -0.04000,
,,,-00.000000021700,  -0.04000,
,,,-00.000000021600,  -0.04000,
,,,-00.000000021500,  -0.04000,
,,,-00.000000021400,  -0.04000,
,,,-00.000000021300,  -0.04000,
,,,-00.000000021200,  -0.04000,
,,,-00.000000021100,  -0.04000,
,,,-00.000000021000,  -0.04000,
,,,-00.000000020900,   0.00000,
,,,-00.000000020800,   0.00000,
,,,-00.000000020700,   0.00000,
,,,-00.000000020600,  -0.04000,
,,,-00.000000020500,  -0.04000,
,,,-00.000000020400,  -0.04000,
,,,-00.000000020300,  -0.04000,
,,,-00.000000020200,  -0.04000,
,,,-00.000000020100,  -0.04000,
,,,-00.000000020000,  -0.04000,
,,,-00.000000019900,  -0.04000,
,,,-00.000000019800,  -0.04000,
,,,-00.000000019700,  -0.04000,
,,,-00.000000019600,  -0.04000,
,,,-00.000000019500,  -0.04000,
,,,-00.000000019400,  -0.04000,
,,,-00.000000019300,  -0.04000,
,,,-00.000000019200,  -0.04000,
,,,-00.000000019100,  -0.04000,
,,,-00.000000019000,  -0.04000,
,,,-00.000000018900,  -0.04000,
,,,-00.000000018800,  -0.04000,
,,,-00.000000018700,  -0.04000,
,,,-00.000000018600,  -0.04000,
,,,-00.000000018500,  -0.04000,
,,,-00.000000018400,  -0.04000,
,,,-00.000000018300,  -0.04000,
,,,-00.000000018200,  -0.04000,
,,,-00.000000018100,  -0.04000,
,,,-00.000000018000,  -0.04000,
,,,-00.000000017900,  -0.04000,
,,,-00.000000017800,  -0.04000,
,,,-00.000000017700,  -0.04000,
,,,-00.000000017600,  -0.04000,
,,,-00.000000017500,  -0.04000,
,,,-00.000000017400,  -0.04000,
,,,-00.000000017300,  -0.04000,
,,,-00.000000017200,  -0.04000,
,,,-00.000000017100,  -0.04000,
,,,-00.000000017000,  -0.04000,
,,,-00.000000016900,   0.00000,
,,,-00.000000016800,   0.00000,
,,,-00.000000016700,   0.00000,
,,,-00.000000016600,  -0.04000,
,,,-00.000000016500,  -0.04000,
,,,-00.000000016400,  -0.04000,
,,,-00.000000016300,  -0.04000,
,,,-00.000000016200,  -0.04000,
,,,-00.000000016100,  -0.04000,
,,,-00.000000016000,  -0.04000,
,,,-00.000000015900,  -0.04000,
,,,-00.000000015800,  -0.04000,
,,,-00.000000015700,  -0.04000,
,,,-00.000000015600,  -0.04000,
,,,-00.000000015500,  -0.04000,
,,,-00.000000015400,  -0.04000,
,,,-00.000000015300,  -0.04000,
,,,-00.000000015200,  -0.04000,
,,,-00.000000015100,  -0.04000,
,,,-00.000000015000,  -0.04000,
,,,-00.000000014900,  -0.04000,
,,,-00.000000014800,  -0.04000,
,,,-00.000000014700,  -0.04000,
,,,-00.000000014600,  -0.04000,
,,,-00.000000014500,  -0.04000,
,,,-00.000000014400,  -0.04000,
,,,-00.000000014300,  -0.04000,
,,,-00.000000014200,  -0.04000,
,,,-00.000000014100,  -0.04000,
,,,-00.000000014000,  -0.04000,
,,,-00.000000013900,  -0.04000,
,,,-00.000000013800,  -0.04000,
,,,-00.000000013700,  -0.04000,
,,,-00.000000013600,  -0.04000,
,,,-00.000000013500,  -0.04000,
,,,-00.000000013400,  -0.04000,
,,,-00.000000013300,  -0.04000,
,,,-00.000000013200,  -0.04000,
,,,-00.000000013100,  -0.04000,
,,,-00.000000013000,  -0.04000,
,,,-00.000000012900,  -0.04000,
,,,-00.000000012800,  -0.04000,
,,,-00.000000012700,  -0.04000,
,,,-00.000000012600,  -0.04000,
,,,-00.000000012500,  -0.04000,
,,,-00.000000012400,  -0.04000,
,,,-00.000000012300,  -0.04000,
,,,-00.000000012200,  -0.04000,
,,,-00.000000012100,  -0.04000,
,,,-00.000000012000,  -0.04000,
,,,-00.000000011900,  -0.04000,
,,,-00.000000011800,  -0.04000,
,,,-00.000000011700,  -0.04000,
,,,-00.000000011600,  -0.04000,
,,,-00.000000011500,  -0.04000,
,,,-00.000000011400,  -0.04000,
,,,-00.000000011300,  -0.04000,
,,,-00.000000011200,  -0.04000,
,,,-00.000000011100,  -0.04000,
,,,-00.000000011000,  -0.04000,
,,,-00.000000010900,   0.00000,
,,,-00.000000010800,   0.00000,
,,,-00.000000010700,   0.00000,
,,,-00.000000010600,   0.00000,
,,,-00.000000010500,   0.00000,
,,,-00.000000010400,   0.00000,
,,,-00.000000010300,   0.00000,
,,,-00.000000010200,   0.00000,
,,,-00.000000010100,   0.00000,
,,,-00.000000010000,   0.00000,
,,,-00.000000009900,   0.00000,
,,,-00.000000009800,   0.00000,
,,,-00.000000009700,  -0.04000,
,,,-00.000000009600,  -0.04000,
,,,-00.000000009500,  -0.04000,
,,,-00.000000009400,  -0.04000,
,,,-00.000000009300,  -0.04000,
,,,-00.000000009200,  -0.08000,
,,,-00.000000009100,  -0.08000,
,,,-00.000000009000,  -0.08000,
,,,-00.000000008900,  -0.08000,
,,,-00.000000008800,  -0.08000,
,,,-00.000000008700,  -0.08000,
,,,-00.000000008600,  -0.12000,
,,,-00.000000008500,  -0.12000,
,,,-00.000000008400,  -0.12000,
,,,-00.000000008300,  -0.12000,
,,,-00.000000008200,  -0.12000,
,,,-00.000000008100,  -0.12000,
,,,-00.000000008000,  -0.12000,
,,,-00.000000007900,  -0.08000,
,,,-00.000000007800,  -0.08000,
,,,-00.000000007700,  -0.08000,
,,,-00.000000007600,  -0.08000,
,,,-00.000000007500,  -0.08000,
,,,-00.000000007400,  -0.08000,
,,,-00.000000007300,  -0.08000,
,,,-00.000000007200,  -0.08000,
,,,-00.000000007100,  -0.08000,
,,,-00.000000007000,  -0.08000,
,,,-00.000000006900,  -0.04000,
,,,-00.000000006800,  -0.04000,
,,,-00.000000006700,  -0.04000,
,,,-00.000000006600,  -0.04000,
,,,-00.000000006500,  -0.04000,
,,,-00.000000006400,  -0.04000,
,,,-00.000000006300,  -0.04000,
,,,-00.000000006200,  -0.04000,
,,,-00.000000006100,  -0.04000,
,,,-00.000000006000,  -0.04000,
,,,-00.000000005900,  -0.04000,
,,,-00.000000005800,  -0.04000,
,,,-00.000000005700,  -0.04000,
,,,-00.000000005600,  -0.04000,
,,,-00.000000005500,  -0.04000,
,,,-00.000000005400,  -0.04000,
,,,-00.000000005300,  -0.04000,
,,,-00.000000005200,  -0.04000,
,,,-00.000000005100,  -0.04000,
,,,-00.000000005000,  -0.04000,
,,,-00.000000004900,  -0.04000,
,,,-00.000000004800,  -0.04000,
,,,-00.000000004700,  -0.04000,
,,,-00.000000004600,  -0.04000,
,,,-00.000000004500,  -0.04000,
,,,-00.000000004400,  -0.04000,
,,,-00.000000004300,  -0.04000,
,,,-00.000000004200,  -0.04000,
,,,-00.000000004100,  -0.04000,
,,,-00.000000004000,  -0.04000,
,,,-00.000000003900,  -0.04000,
,,,-00.000000003800,  -0.04000,
,,,-00.000000003700,  -0.04000,
,,,-00.000000003600,  -0.04000,
,,,-00.000000003500,  -0.04000,
,,,-00.000000003400,  -0.04000,
,,,-00.000000003300,  -0.04000,
,,,-00.000000003200,  -0.04000,
,,,-00.000000003100,  -0.04000,
,,,-00.000000003000,  -0.04000,
,,,-00.000000002900,  -0.04000,
,,,-00.000000002800,  -0.04000,
,,,-00.000000002700,  -0.04000,
,,,-00.000000002600,  -0.04000,
,,,-00.000000002500,  -0.04000,
,,,-00.000000002400,  -0.04000,
,,,-00.000000002300,  -0.04000,
,,,-00.000000002200,  -0.04000,
,,,-00.000000002100,  -0.04000,
,,,-00.000000002000,  -0.04000,
,,,-00.000000001900,   0.00000,
,,,-00.000000001800,   0.00000,
,,,-00.000000001700,   0.00000,
,,,-00.000000001600,  -0.04000,
,,,-00.000000001500,  -0.04000,
,,,-00.000000001400,  -0.04000,
,,,-00.000000001300,  -0.04000,
,,,-00.000000001200,  -0.04000,
,,,-00.000000001100,  -0.04000,
,,,-00.000000001000,  -0.04000,
,,,-00.000000000900,  -0.04000,
,,,-00.000000000800,  -0.04000,
,,,-00.000000000700,  -0.04000,
,,,-00.000000000600,  -0.04000,
,,,-00.000000000500,  -0.04000,
,,,-00.000000000400,  -0.04000,
,,,-00.000000000300,  -0.04000,
,,,-00.000000000200,  -0.04000,
,,,-00.000000000100,  -0.04000,
,,,-00.000000000000,  -0.04000,
,,,00.000000000100,   0.00000,
,,,00.000000000200,   0.00000,
,,,00.000000000300,   0.00000,
,,,00.000000000400,  -0.04000,
,,,00.000000000500,  -0.04000,
,,,00.000000000600,  -0.04000,
,,,00.000000000700,  -0.04000,
,,,00.000000000800,  -0.04000,
,,,00.000000000900,  -0.04000,
,,,00.000000001000,  -0.04000,
,,,00.000000001100,  -0.04000,
,,,00.000000001200,  -0.04000,
,,,00.000000001300,  -0.04000,
,,,00.000000001400,  -0.04000,
,,,00.000000001500,  -0.04000,
,,,00.000000001600,  -0.04000,
,,,00.000000001700,  -0.04000,
,,,00.000000001800,  -0.04000,
,,,00.000000001900,  -0.04000,
,,,00.000000002000,  -0.04000,
,,,00.000000002100,   0.00000,
,,,00.000000002200,   0.00000,
,,,00.000000002300,   0.00000,
,,,00.000000002400,   0.00000,
,,,00.000000002500,   0.00000,
,,,00.000000002600,   0.00000,
,,,00.000000002700,   0.00000,
,,,00.000000002800,   0.00000,
,,,00.000000002900,   0.00000,
,,,00.000000003000,   0.00000,
,,,00.000000003100,   0.00000,
,,,00.000000003200,   0.00000,
,,,00.000000003300,   0.00000,
,,,00.000000003400,  -0.04000,
,,,00.000000003500,  -0.04000,
,,,00.000000003600,  -0.04000,
,,,00.000000003700,  -0.04000,
,,,00.000000003800,  -0.04000,
,,,00.000000003900,  -0.04000,
,,,00.000000004000,  -0.04000,
,,,00.000000004100,  -0.04000,
,,,00.000000004200,  -0.04000,
,,,00.000000004300,  -0.04000,
,,,00.000000004400,  -0.04000,
,,,00.000000004500,  -0.04000,
,,,00.000000004600,  -0.04000,
,,,00.000000004700,  -0.04000,
,,,00.000000004800,  -0.04000,
,,,00.000000004900,  -0.04000,
,,,00.000000005000,  -0.04000,
,,,00.000000005100,   0.00000,
,,,00.000000005200,   0.00000,
,,,00.000000005300,   0.00000,
,,,00.000000005400,   0.00000,
,,,00.000000005500,   0.00000,
,,,00.000000005600,   0.00000,
,,,00.000000005700,   0.00000,
,,,00.000000005800,   0.00000,
,,,00.000000005900,   0.00000,
,,,00.000000006000,   0.00000,
,,,00.000000006100,   0.00000,
,,,00.000000006200,   0.00000,
,,,00.000000006300,   0.00000,
,,,00.000000006400,  -0.04000,
,,,00.000000006500,  -0.04000,
,,,00.000000006600,  -0.04000,
,,,00.000000006700,  -0.04000,
,,,00.000000006800,  -0.04000,
,,,00.000000006900,  -0.04000,
,,,00.000000007000,  -0.04000,
,,,00.000000007100,  -0.04000,
,,,00.000000007200,  -0.04000,
,,,00.000000007300,  -0.04000,
,,,00.000000007400,  -0.04000,
,,,00.000000007500,  -0.04000,
,,,00.000000007600,  -0.04000,
,,,00.000000007700,  -0.04000,
,,,00.000000007800,  -0.04000,
,,,00.000000007900,  -0.04000,
,,,00.000000008000,  -0.04000,
,,,00.000000008100,   0.00000,
,,,00.000000008200,   0.00000,
,,,00.000000008300,   0.00000,
,,,00.000000008400,   0.00000,
,,,00.000000008500,  -0.04000,
,,,00.000000008600,  -0.04000,
,,,00.000000008700,  -0.04000,
,,,00.000000008800,  -0.04000,
,,,00.000000008900,  -0.04000,
,,,00.000000009000,  -0.04000,
,,,00.000000009100,  -0.04000,
,,,00.000000009200,  -0.04000,
,,,00.000000009300,  -0.08000,
,,,00.000000009400,  -0.08000,
,,,00.000000009500,  -0.08000,
,,,00.000000009600,  -0.08000,
,,,00.000000009700,  -0.08000,
,,,00.000000009800,  -0.08000,
,,,00.000000009900,  -0.08000,
,,,00.000000010000,  -0.08000,
,,,00.000000010100,  -0.08000,
,,,00.000000010200,  -0.08000,
,,,00.000000010300,  -0.08000,
,,,00.000000010400,  -0.08000,
,,,00.000000010500,  -0.08000,
,,,00.000000010600,  -0.08000,
,,,00.000000010700,  -0.08000,
,,,00.000000010800,  -0.08000,
,,,00.000000010900,  -0.08000,
,,,00.000000011000,  -0.08000,
,,,00.000000011100,  -0.08000,
,,,00.000000011200,  -0.04000,
,,,00.000000011300,  -0.04000,
,,,00.000000011400,  -0.04000,
,,,00.000000011500,  -0.04000,
,,,00.000000011600,  -0.04000,
,,,00.000000011700,  -0.04000,
,,,00.000000011800,  -0.04000,
,,,00.000000011900,  -0.04000,
,,,00.000000012000,  -0.04000,
,,,00.000000012100,   0.00000,
,,,00.000000012200,   0.00000,
,,,00.000000012300,   0.00000,
,,,00.000000012400,   0.00000,
,,,00.000000012500,   0.00000,
,,,00.000000012600,   0.00000,
,,,00.000000012700,   0.00000,
,,,00.000000012800,   0.00000,
,,,00.000000012900,   0.00000,
,,,00.000000013000,   0.00000,
,,,00.000000013100,   0.00000,
,,,00.000000013200,   0.00000,
,,,00.000000013300,   0.00000,
,,,00.000000013400,  -0.04000,
,,,00.000000013500,  -0.04000,
,,,00.000000013600,  -0.04000,
,,,00.000000013700,  -0.04000,
,,,00.000000013800,  -0.04000,
,,,00.000000013900,  -0.04000,
,,,00.000000014000,  -0.04000,
,,,00.000000014100,  -0.04000,
,,,00.000000014200,  -0.04000,
,,,00.000000014300,  -0.04000,
,,,00.000000014400,  -0.04000,
,,,00.000000014500,  -0.04000,
,,,00.000000014600,  -0.04000,
,,,00.000000014700,  -0.04000,
,,,00.000000014800,  -0.04000,
,,,00.000000014900,  -0.04000,
,,,00.000000015000,  -0.04000,
,,,00.000000015100,   0.00000,
,,,00.000000015200,   0.00000,
,,,00.000000015300,   0.00000,
,,,00.000000015400,   0.00000,
,,,00.000000015500,   0.00000,
,,,00.000000015600,   0.00000,
,,,00.000000015700,   0.00000,
,,,00.000000015800,   0.00000,
,,,00.000000015900,   0.00000,
,,,00.000000016000,   0.00000,
,,,00.000000016100,   0.00000,
,,,00.000000016200,   0.00000,
,,,00.000000016300,   0.00000,
,,,00.000000016400,   0.00000,
,,,00.000000016500,   0.00000,
,,,00.000000016600,   0.00000,
,,,00.000000016700,   0.00000,
,,,00.000000016800,   0.00000,
,,,00.000000016900,   0.00000,
,,,00.000000017000,   0.00000,
,,,00.000000017100,   0.00000,
,,,00.000000017200,   0.00000,
,,,00.000000017300,   0.00000,
,,,00.000000017400,   0.00000,
,,,00.000000017500,   0.00000,
,,,00.000000017600,   0.00000,
,,,00.000000017700,   0.00000,
,,,00.000000017800,   0.00000,
,,,00.000000017900,   0.00000,
,,,00.000000018000,   0.00000,
,,,00.000000018100,   0.00000,
,,,00.000000018200,   0.00000,
,,,00.000000018300,   0.00000,
,,,00.000000018400,  -0.04000,
,,,00.000000018500,  -0.04000,
,,,00.000000018600,  -0.04000,
,,,00.000000018700,  -0.04000,
,,,00.000000018800,  -0.04000,
,,,00.000000018900,  -0.04000,
,,,00.000000019000,  -0.04000,
,,,00.000000019100,  -0.04000,
,,,00.000000019200,  -0.04000,
,,,00.000000019300,  -0.04000,
,,,00.000000019400,  -0.04000,
,,,00.000000019500,  -0.04000,
,,,00.000000019600,  -0.08000,
,,,00.000000019700,  -0.08000,
,,,00.000000019800,  -0.08000,
,,,00.000000019900,  -0.04000,
,,,00.000000020000,  -0.04000,
,,,00.000000020100,  -0.04000,
,,,00.000000020200,  -0.04000,
,,,00.000000020300,  -0.04000,
,,,00.000000020400,  -0.04000,
,,,00.000000020500,  -0.04000,
,,,00.000000020600,  -0.04000,
,,,00.000000020700,  -0.04000,
,,,00.000000020800,  -0.04000,
,,,00.000000020900,  -0.04000,
,,,00.000000021000,  -0.04000,
,,,00.000000021100,   0.00000,
,,,00.000000021200,   0.00000,
,,,00.000000021300,   0.00000,
,,,00.000000021400,   0.00000,
,,,00.000000021500,   0.00000,
,,,00.000000021600,   0.00000,
,,,00.000000021700,   0.00000,
,,,00.000000021800,   0.00000,
,,,00.000000021900,   0.00000,
,,,00.000000022000,   0.00000,
,,,00.000000022100,   0.00000,
,,,00.000000022200,   0.00000,
,,,00.000000022300,   0.00000,
,,,00.000000022400,  -0.04000,
,,,00.000000022500,  -0.04000,
,,,00.000000022600,  -0.04000,
,,,00.000000022700,  -0.04000,
,,,00.000000022800,  -0.04000,
,,,00.000000022900,  -0.04000,
,,,00.000000023000,  -0.04000,
,,,00.000000023100,  -0.04000,
,,,00.000000023200,  -0.04000,
,,,00.000000023300,  -0.04000,
,,,00.000000023400,  -0.04000,
,,,00.000000023500,  -0.04000,
,,,00.000000023600,  -0.04000,
,,,00.000000023700,  -0.04000,
,,,00.000000023800,  -0.04000,
,,,00.000000023900,  -0.04000,
,,,00.000000024000,  -0.04000,
,,,00.000000024100,   0.00000,
,,,00.000000024200,   0.00000,
,,,00.000000024300,   0.00000,
,,,00.000000024400,   0.00000,
,,,00.000000024500,   0.00000,
,,,00.000000024600,   0.00000,
,,,00.000000024700,   0.00000,
,,,00.000000024800,   0.00000,
,,,00.000000024900,   0.00000,
,,,00.000000025000,   0.00000,
,,,00.000000025100,   0.00000,
,,,00.000000025200,   0.00000,
,,,00.000000025300,   0.00000,
,,,00.000000025400,  -0.04000,
,,,00.000000025500,  -0.04000,
,,,00.000000025600,  -0.04000,
,,,00.000000025700,  -0.04000,
,,,00.000000025800,  -0.04000,
,,,00.000000025900,  -0.04000,
,,,00.000000026000,  -0.04000,
,,,00.000000026100,  -0.04000,
,,,00.000000026200,  -0.04000,
,,,00.000000026300,  -0.04000,
,,,00.000000026400,  -0.04000,
,,,00.000000026500,  -0.04000,
,,,00.000000026600,  -0.08000,
,,,00.000000026700,  -0.08000,
,,,00.000000026800,  -0.08000,
,,,00.000000026900,  -0.04000,
,,,00.000000027000,  -0.04000,
,,,00.000000027100,  -0.04000,
,,,00.000000027200,  -0.04000,
,,,00.000000027300,  -0.04000,
,,,00.000000027400,  -0.04000,
,,,00.000000027500,  -0.04000,
,,,00.000000027600,  -0.04000,
,,,00.000000027700,  -0.04000,
,,,00.000000027800,  -0.04000,
,,,00.000000027900,  -0.04000,
,,,00.000000028000,  -0.04000,
,,,00.000000028100,   0.00000,
,,,00.000000028200,   0.00000,
,,,00.000000028300,   0.00000,
,,,00.000000028400,  -0.04000,
,,,00.000000028500,  -0.04000,
,,,00.000000028600,  -0.04000,
,,,00.000000028700,  -0.04000,
,,,00.000000028800,  -0.04000,
,,,00.000000028900,  -0.04000,
,,,00.000000029000,  -0.04000,
,,,00.000000029100,  -0.04000,
,,,00.000000029200,  -0.04000,
,,,00.000000029300,  -0.04000,
,,,00.000000029400,  -0.04000,
,,,00.000000029500,  -0.04000,
,,,00.000000029600,  -0.04000,
,,,00.000000029700,  -0.04000,
,,,00.000000029800,  -0.04000,
,,,00.000000029900,  -0.04000,
,,,00.000000030000,  -0.04000,
,,,00.000000030100,   0.00000,
,,,00.000000030200,   0.00000,
,,,00.000000030300,   0.00000,
,,,00.000000030400,  -0.04000,
,,,00.000000030500,  -0.04000,
,,,00.000000030600,  -0.04000,
,,,00.000000030700,  -0.04000,
,,,00.000000030800,  -0.04000,
,,,00.000000030900,  -0.04000,
,,,00.000000031000,  -0.04000,
,,,00.000000031100,  -0.04000,
,,,00.000000031200,  -0.04000,
,,,00.000000031300,  -0.04000,
,,,00.000000031400,  -0.04000,
,,,00.000000031500,  -0.04000,
,,,00.000000031600,  -0.04000,
,,,00.000000031700,  -0.04000,
,,,00.000000031800,  -0.04000,
,,,00.000000031900,  -0.04000,
,,,00.000000032000,  -0.04000,
,,,00.000000032100,   0.00000,
,,,00.000000032200,   0.00000,
,,,00.000000032300,   0.00000,
,,,00.000000032400,   0.00000,
,,,00.000000032500,  -0.04000,
,,,00.000000032600,  -0.04000,
,,,00.000000032700,  -0.04000,
,,,00.000000032800,  -0.04000,
,,,00.000000032900,  -0.04000,
,,,00.000000033000,  -0.04000,
,,,00.000000033100,  -0.04000,
,,,00.000000033200,  -0.04000,
,,,00.000000033300,  -0.08000,
,,,00.000000033400,  -0.08000,
,,,00.000000033500,  -0.08000,
,,,00.000000033600,  -0.08000,
,,,00.000000033700,  -0.08000,
,,,00.000000033800,  -0.08000,
,,,00.000000033900,  -0.08000,
,,,00.000000034000,  -0.08000,
,,,00.000000034100,  -0.08000,
,,,00.000000034200,  -0.08000,
,,,00.000000034300,  -0.08000,
,,,00.000000034400,  -0.08000,
,,,00.000000034500,  -0.08000,
,,,00.000000034600,  -0.08000,
,,,00.000000034700,  -0.08000,
,,,00.000000034800,  -0.08000,
,,,00.000000034900,  -0.08000,
,,,00.000000035000,  -0.08000,
,,,00.000000035100,  -0.08000,
,,,00.000000035200,  -0.04000,
,,,00.000000035300,  -0.04000,
,,,00.000000035400,  -0.04000,
,,,00.000000035500,  -0.04000,
,,,00.000000035600,  -0.04000,
,,,00.000000035700,  -0.04000,
,,,00.000000035800,  -0.04000,
,,,00.000000035900,  -0.04000,
,,,00.000000036000,  -0.04000,
,,,00.000000036100,   0.00000,
,,,00.000000036200,   0.00000,
,,,00.000000036300,   0.00000,
,,,00.000000036400,   0.00000,
,,,00.000000036500,   0.00000,
,,,00.000000036600,   0.00000,
,,,00.000000036700,   0.00000,
,,,00.000000036800,   0.00000,
,,,00.000000036900,   0.00000,
,,,00.000000037000,   0.00000,
,,,00.000000037100,   0.00000,
,,,00.000000037200,   0.00000,
,,,00.000000037300,   0.00000,
,,,00.000000037400,  -0.04000,
,,,00.000000037500,  -0.04000,
,,,00.000000037600,  -0.04000,
,,,00.000000037700,  -0.04000,
,,,00.000000037800,  -0.04000,
,,,00.000000037900,  -0.04000,
,,,00.000000038000,  -0.04000,
,,,00.000000038100,  -0.04000,
,,,00.000000038200,  -0.04000,
,,,00.000000038300,  -0.08000,
,,,00.000000038400,  -0.08000,
,,,00.000000038500,  -0.08000,
,,,00.000000038600,  -0.08000,
,,,00.000000038700,  -0.08000,
,,,00.000000038800,  -0.08000,
,,,00.000000038900,  -0.08000,
,,,00.000000039000,  -0.08000,
,,,00.000000039100,  -0.08000,
,,,00.000000039200,  -0.08000,
,,,00.000000039300,  -0.08000,
,,,00.000000039400,  -0.08000,
,,,00.000000039500,  -0.08000,
,,,00.000000039600,  -0.08000,
,,,00.000000039700,  -0.04000,
,,,00.000000039800,  -0.04000,
,,,00.000000039900,  -0.04000,
,,,00.000000040000,  -0.04000,
,,,00.000000040100,  -0.04000,
,,,00.000000040200,   0.00000,
,,,00.000000040300,   0.00000,
,,,00.000000040400,   0.00000,
,,,00.000000040500,   0.00000,
,,,00.000000040600,  -0.04000,
,,,00.000000040700,  -0.04000,
,,,00.000000040800,  -0.04000,
,,,00.000000040900,  -0.04000,
,,,00.000000041000,  -0.04000,
,,,00.000000041100,  -0.04000,
,,,00.000000041200,  -0.04000,
,,,00.000000041300,  -0.08000,
,,,00.000000041400,  -0.08000,
,,,00.000000041500,  -0.08000,
,,,00.000000041600,  -0.08000,
,,,00.000000041700,  -0.08000,
,,,00.000000041800,  -0.08000,
,,,00.000000041900,  -0.08000,
,,,00.000000042000,  -0.08000,
,,,00.000000042100,  -0.08000,
,,,00.000000042200,  -0.08000,
,,,00.000000042300,  -0.08000,
,,,00.000000042400,  -0.08000,
,,,00.000000042500,  -0.08000,
,,,00.000000042600,  -0.08000,
,,,00.000000042700,  -0.08000,
,,,00.000000042800,  -0.08000,
,,,00.000000042900,  -0.08000,
,,,00.000000043000,  -0.08000,
,,,00.000000043100,  -0.08000,
,,,00.000000043200,  -0.04000,
,,,00.000000043300,  -0.04000,
,,,00.000000043400,  -0.04000,
,,,00.000000043500,  -0.04000,
,,,00.000000043600,  -0.04000,
,,,00.000000043700,  -0.04000,
,,,00.000000043800,  -0.04000,
,,,00.000000043900,  -0.04000,
,,,00.000000044000,   0.00000,
,,,00.000000044100,   0.00000,
,,,00.000000044200,   0.00000,
,,,00.000000044300,   0.00000,
,,,00.000000044400,  -0.04000,
,,,00.000000044500,  -0.04000,
,,,00.000000044600,  -0.04000,
,,,00.000000044700,  -0.04000,
,,,00.000000044800,  -0.04000,
,,,00.000000044900,  -0.04000,
,,,00.000000045000,  -0.04000,
,,,00.000000045100,  -0.04000,
,,,00.000000045200,  -0.04000,
,,,00.000000045300,  -0.04000,
,,,00.000000045400,  -0.04000,
,,,00.000000045500,  -0.04000,
,,,00.000000045600,  -0.04000,
,,,00.000000045700,  -0.04000,
,,,00.000000045800,  -0.04000,
,,,00.000000045900,  -0.04000,
,,,00.000000046000,  -0.04000,
,,,00.000000046100,  -0.04000,
,,,00.000000046200,  -0.04000,
,,,00.000000046300,  -0.04000,
,,,00.000000046400,  -0.04000,
,,,00.000000046500,  -0.04000,
,,,00.000000046600,  -0.04000,
,,,00.000000046700,  -0.04000,
,,,00.000000046800,  -0.04000,
,,,00.000000046900,  -0.04000,
,,,00.000000047000,  -0.04000,
,,,00.000000047100,  -0.04000,
,,,00.000000047200,  -0.04000,
,,,00.000000047300,  -0.04000,
,,,00.000000047400,  -0.04000,
,,,00.000000047500,  -0.04000,
,,,00.000000047600,  -0.04000,
,,,00.000000047700,  -0.04000,
,,,00.000000047800,  -0.04000,
,,,00.000000047900,  -0.04000,
,,,00.000000048000,  -0.04000,
,,,00.000000048100,  -0.04000,
,,,00.000000048200,  -0.04000,
,,,00.000000048300,  -0.04000,
,,,00.000000048400,  -0.08000,
,,,00.000000048500,  -0.08000,
,,,00.000000048600,  -0.08000,
,,,00.000000048700,  -0.08000,
,,,00.000000048800,  -0.08000,
,,,00.000000048900,  -0.08000,
,,,00.000000049000,  -0.08000,
,,,00.000000049100,  -0.08000,
,,,00.000000049200,  -0.08000,
,,,00.000000049300,  -0.08000,
,,,00.000000049400,  -0.08000,
,,,00.000000049500,  -0.08000,
,,,00.000000049600,  -0.08000,
,,,00.000000049700,  -0.08000,
,,,00.000000049800,  -0.08000,
,,,00.000000049900,  -0.08000,
,,,00.000000050000,  -0.08000,
,,,00.000000050100,  -0.04000,
,,,00.000000050200,  -0.04000,
,,,00.000000050300,  -0.04000,
,,,00.000000050400,  -0.04000,
,,,00.000000050500,  -0.04000,
,,,00.000000050600,  -0.04000,
,,,00.000000050700,  -0.04000,
,,,00.000000050800,  -0.04000,
,,,00.000000050900,  -0.04000,
,,,00.000000051000,  -0.04000,
,,,00.000000051100,  -0.04000,
,,,00.000000051200,  -0.04000,
,,,00.000000051300,  -0.04000,
,,,00.000000051400,  -0.04000,
,,,00.000000051500,  -0.04000,
,,,00.000000051600,  -0.04000,
,,,00.000000051700,  -0.04000,
,,,00.000000051800,  -0.04000,
,,,00.000000051900,  -0.04000,
,,,00.000000052000,  -0.04000,
,,,00.000000052100,  -0.04000,
,,,00.000000052200,  -0.04000,
,,,00.000000052300,  -0.04000,
,,,00.000000052400,  -0.08000,
,,,00.000000052500,  -0.08000,
,,,00.000000052600,  -0.08000,
,,,00.000000052700,  -0.08000,
,,,00.000000052800,  -0.08000,
,,,00.000000052900,  -0.08000,
,,,00.000000053000,  -0.08000,
,,,00.000000053100,  -0.08000,
,,,00.000000053200,  -0.08000,
,,,00.000000053300,  -0.08000,
,,,00.000000053400,  -0.08000,
,,,00.000000053500,  -0.08000,
,,,00.000000053600,  -0.08000,
,,,00.000000053700,  -0.08000,
,,,00.000000053800,  -0.08000,
,,,00.000000053900,  -0.08000,
,,,00.000000054000,  -0.08000,
,,,00.000000054100,  -0.08000,
,,,00.000000054200,  -0.04000,
,,,00.000000054300,  -0.04000,
,,,00.000000054400,  -0.04000,
,,,00.000000054500,  -0.04000,
,,,00.000000054600,  -0.04000,
,,,00.000000054700,  -0.04000,
,,,00.000000054800,  -0.04000,
,,,00.000000054900,  -0.04000,
,,,00.000000055000,   0.00000,
,,,00.000000055100,   0.00000,
,,,00.000000055200,   0.00000,
,,,00.000000055300,   0.00000,
,,,00.000000055400,  -0.04000,
,,,00.000000055500,  -0.04000,
,,,00.000000055600,  -0.04000,
,,,00.000000055700,  -0.04000,
,,,00.000000055800,  -0.04000,
,,,00.000000055900,  -0.04000,
,,,00.000000056000,  -0.04000,
,,,00.000000056100,  -0.04000,
,,,00.000000056200,  -0.04000,
,,,00.000000056300,  -0.04000,
,,,00.000000056400,  -0.04000,
,,,00.000000056500,  -0.04000,
,,,00.000000056600,  -0.04000,
,,,00.000000056700,  -0.04000,
,,,00.000000056800,  -0.04000,
,,,00.000000056900,  -0.04000,
,,,00.000000057000,  -0.04000,
,,,00.000000057100,   0.00000,
,,,00.000000057200,   0.00000,
,,,00.000000057300,   0.00000,
,,,00.000000057400,  -0.04000,
,,,00.000000057500,  -0.04000,
,,,00.000000057600,  -0.04000,
,,,00.000000057700,  -0.04000,
,,,00.000000057800,  -0.04000,
,,,00.000000057900,  -0.04000,
,,,00.000000058000,  -0.04000,
,,,00.000000058100,  -0.04000,
,,,00.000000058200,  -0.04000,
,,,00.000000058300,  -0.04000,
,,,00.000000058400,  -0.04000,
,,,00.000000058500,  -0.04000,
,,,00.000000058600,  -0.04000,
,,,00.000000058700,  -0.04000,
,,,00.000000058800,  -0.04000,
,,,00.000000058900,  -0.04000,
,,,00.000000059000,  -0.04000,
,,,00.000000059100,   0.00000,
,,,00.000000059200,   0.00000,
,,,00.000000059300,   0.00000,
,,,00.000000059400,  -0.04000,
,,,00.000000059500,  -0.04000,
,,,00.000000059600,  -0.04000,
,,,00.000000059700,  -0.04000,
,,,00.000000059800,  -0.04000,
,,,00.000000059900,  -0.04000,
,,,00.000000060000,  -0.04000,
,,,00.000000060100,  -0.04000,
,,,00.000000060200,  -0.04000,
,,,00.000000060300,  -0.04000,
,,,00.000000060400,  -0.04000,
,,,00.000000060500,  -0.04000,
,,,00.000000060600,  -0.08000,
,,,00.000000060700,  -0.08000,
,,,00.000000060800,  -0.08000,
,,,00.000000060900,  -0.04000,
,,,00.000000061000,  -0.04000,
,,,00.000000061100,  -0.04000,
,,,00.000000061200,  -0.04000,
,,,00.000000061300,  -0.04000,
,,,00.000000061400,  -0.04000,
,,,00.000000061500,  -0.04000,
,,,00.000000061600,  -0.04000,
,,,00.000000061700,  -0.04000,
,,,00.000000061800,  -0.04000,
,,,00.000000061900,  -0.04000,
,,,00.000000062000,  -0.04000,
,,,00.000000062100,   0.00000,
,,,00.000000062200,   0.00000,
,,,00.000000062300,   0.00000,
,,,00.000000062400,   0.00000,
,,,00.000000062500,  -0.04000,
,,,00.000000062600,  -0.04000,
,,,00.000000062700,  -0.04000,
,,,00.000000062800,  -0.04000,
,,,00.000000062900,  -0.04000,
,,,00.000000063000,  -0.04000,
,,,00.000000063100,  -0.04000,
,,,00.000000063200,  -0.04000,
,,,00.000000063300,  -0.08000,
,,,00.000000063400,  -0.08000,
,,,00.000000063500,  -0.08000,
,,,00.000000063600,  -0.08000,
,,,00.000000063700,  -0.08000,
,,,00.000000063800,  -0.08000,
,,,00.000000063900,  -0.08000,
